source_table,estado_v4,motivo_v4,regra_base,destinos_v4,revisoes_v41
tb.atendimento_documentos,pending,NO_CURRENT_CONTRACT,,,SEM_MAPEAMENTO_VALIDADO
tb_admin.departamentos,confirmed,LEGACY_BEHAVIOR_CONFIRMED,docs/migration/v4/scripts/rules/v2.mjs,department-insert:departments:insert,REVALIDAR_INCREMENTAL
tb_admin.logs,confirmed,LEGACY_BEHAVIOR_CONFIRMED,docs/migration/v4/scripts/rules/admin-business.mjs,admin-log-insert:logs:insert,REVALIDAR_INCREMENTAL
tb_admin.permissoes,confirmed,LEGACY_BEHAVIOR_CONFIRMED,docs/migration/v4/scripts/rules/admin-business.mjs,permission-specific-task-completion-merge:permissions.specific:merge,REVALIDAR_INCREMENTAL|U01
tb_admin.permissoes_atendimento,pending,RETIRED_PERMISSION_MODULE,,,SEM_MAPEAMENTO_VALIDADO
tb_admin.permissoes_certificado,confirmed,LEGACY_BEHAVIOR_CONFIRMED,docs/migration/v4/scripts/rules/admin-business.mjs,permission-certificado-merge:permissions:merge,REVALIDAR_INCREMENTAL|U01
tb_admin.permissoes_comercial,confirmed,LEGACY_BEHAVIOR_CONFIRMED,docs/migration/v4/scripts/rules/admin-business.mjs,permission-comercial-merge:permissions:merge,REVALIDAR_INCREMENTAL|U01
tb_admin.permissoes_contabil,confirmed,LEGACY_BEHAVIOR_CONFIRMED,docs/migration/v4/scripts/rules/admin-business.mjs,permission-contabil-merge:permissions:merge,REVALIDAR_INCREMENTAL|U01
tb_admin.permissoes_financeiro,confirmed,LEGACY_BEHAVIOR_CONFIRMED,docs/migration/v4/scripts/rules/admin-business.mjs,permission-financeiro-merge:permissions:merge,REVALIDAR_INCREMENTAL|U01
tb_admin.permissoes_fiscal,confirmed,LEGACY_BEHAVIOR_CONFIRMED,docs/migration/v4/scripts/rules/admin-business.mjs,permission-fiscal-merge:permissions:merge,REVALIDAR_INCREMENTAL|U01
tb_admin.permissoes_integracao,confirmed,LEGACY_BEHAVIOR_CONFIRMED,docs/migration/v4/scripts/rules/admin-business.mjs,permission-integracao-merge:permissions:merge,REVALIDAR_INCREMENTAL|U01
tb_admin.permissoes_marketing,confirmed,LEGACY_BEHAVIOR_CONFIRMED,docs/migration/v4/scripts/rules/admin-business.mjs,permission-marketing-merge:permissions:merge,REVALIDAR_INCREMENTAL|U01
tb_admin.permissoes_parcelamento,confirmed,LEGACY_BEHAVIOR_CONFIRMED,docs/migration/v4/scripts/rules/admin-business.mjs,permission-parcelamento-merge:permissions:merge,REVALIDAR_INCREMENTAL|U01|P01
tb_admin.permissoes_pec,pending,RETIRED_PERMISSION_MODULE,,,SEM_MAPEAMENTO_VALIDADO
tb_admin.permissoes_pessoal,confirmed,LEGACY_BEHAVIOR_CONFIRMED,docs/migration/v4/scripts/rules/admin-business.mjs,permission-pessoal-merge:permissions:merge,REVALIDAR_INCREMENTAL|U01
tb_admin.permissoes_regularize,confirmed,LEGACY_BEHAVIOR_CONFIRMED,docs/migration/v4/scripts/rules/admin-business.mjs,permission-regularize-merge:permissions:merge,REVALIDAR_INCREMENTAL|U01
tb_admin.permissoes_rh,confirmed,LEGACY_BEHAVIOR_CONFIRMED,docs/migration/v4/scripts/rules/admin-business.mjs,permission-rh-merge:permissions:merge,REVALIDAR_INCREMENTAL|U01
tb_admin.permissoes_triagem,confirmed,LEGACY_BEHAVIOR_CONFIRMED,docs/migration/v4/scripts/rules/admin-business.mjs,permission-triagem-merge:permissions:merge,REVALIDAR_INCREMENTAL|U01
tb_admin.permissoes_wiki,pending,RETIRED_PERMISSION_MODULE,,,SEM_MAPEAMENTO_VALIDADO
tb_admin.ps,pending,NO_CURRENT_CONTRACT,,,SEM_MAPEAMENTO_VALIDADO
tb_admin.responsaveis,pending,CURRENT_CONTRACT_NOT_FAITHFUL,,,SEM_MAPEAMENTO_VALIDADO
tb_admin.responsaveis_contatos,pending,NO_CURRENT_CONTRACT,,,SEM_MAPEAMENTO_VALIDADO
tb_admin.responsaveis_ps,pending,NO_CURRENT_CONTRACT,,,SEM_MAPEAMENTO_VALIDADO
tb_admin.updates,pending,NO_CURRENT_CONTRACT,,,SEM_MAPEAMENTO_VALIDADO
tb_admin.usuarios,confirmed,LEGACY_BEHAVIOR_CONFIRMED,docs/migration/v4/scripts/rules/v2.mjs,user-insert:users:insert,REVALIDAR_INCREMENTAL|U01
tb_atendimento.atendimentos_opa,pending,NO_CURRENT_CONTRACT,,,SEM_MAPEAMENTO_VALIDADO
tb_atendimento.contatos,pending,CURRENT_CONTRACT_NOT_FAITHFUL,,,SEM_MAPEAMENTO_VALIDADO
tb_atendimento.motoboy,pending,NO_LEGACY_RUNTIME_REFERENCE,,,SEM_MAPEAMENTO_VALIDADO
tb_atendimento.psc,pending,NO_CURRENT_CONTRACT,,,SEM_MAPEAMENTO_VALIDADO
tb_atendimento.satisfacao,pending,CURRENT_CONTRACT_NOT_FAITHFUL,,,SEM_MAPEAMENTO_VALIDADO
tb_atendimento.uber,pending,NO_CURRENT_CONTRACT,,,SEM_MAPEAMENTO_VALIDADO
tb_atendimento.uber_clientes,pending,NO_STABLE_MERGE_IDENTITY,,,SEM_MAPEAMENTO_VALIDADO
tb_atendimento.visitas_clientes,pending,CURRENT_CONTRACT_NOT_FAITHFUL,,,SEM_MAPEAMENTO_VALIDADO
tb_cbc.atas,pending,NO_CURRENT_CONTRACT,,,SEM_MAPEAMENTO_VALIDADO
tb_cbc.configs,pending,NO_CURRENT_CONTRACT,,,SEM_MAPEAMENTO_VALIDADO|C03
tb_cbc.emails,confirmed,LEGACY_BEHAVIOR_CONFIRMED,docs/migration/v4/scripts/rules/remaining.mjs,shared-email-recipient-insert:emails:insert,REVALIDAR_INCREMENTAL
tb_cbc.keep_clientes,pending,NO_CURRENT_CONTRACT,,,SEM_MAPEAMENTO_VALIDADO
tb_cbc.keep_tags,pending,LEGACY_AUXILIARY_NO_CURRENT_CONTRACT,,,SEM_MAPEAMENTO_VALIDADO
tb_cbc.notificacoes_popup,pending,NO_CURRENT_CONTRACT,,,SEM_MAPEAMENTO_VALIDADO
tb_cbc.orcamentos,pending,PARTIAL_CURRENT_CONTRACT_UNRESOLVED_ADAPTATION,,,SEM_MAPEAMENTO_VALIDADO
tb_cbc.orcamentos_categorias,pending,LEGACY_AUXILIARY_NO_CURRENT_CONTRACT,,,SEM_MAPEAMENTO_VALIDADO
tb_cbc.panorama_clientes_parcelamento,pending,CURRENT_IDENTITY_NOT_RECONSTRUCTABLE,,,SEM_MAPEAMENTO_VALIDADO|P01
tb_cbc.panorama_parcelamentos,confirmed,LEGACY_BEHAVIOR_CONFIRMED,docs/migration/v4/scripts/rules/parcelamento.mjs,parcelamento-panorama-insert:parcelamento.panorama:insert,REVALIDAR_INCREMENTAL|P01
tb_cbc.preferencias,pending,NO_CURRENT_CONTRACT,,,SEM_MAPEAMENTO_VALIDADO
tb_cbc.sininhos,pending,NO_CURRENT_CONTRACT,,,SEM_MAPEAMENTO_VALIDADO
tb_cbs.estoque,confirmed,LEGACY_BEHAVIOR_CONFIRMED,docs/migration/v4/scripts/rules/remaining.mjs,cbs-stock-insert:stock:insert,REVALIDAR_INCREMENTAL
tb_cbs.estoque_andares,pending,LEGACY_AUXILIARY_NO_CURRENT_CONTRACT,,,SEM_MAPEAMENTO_VALIDADO
tb_cbs.estoque_categorias,confirmed,LEGACY_BEHAVIOR_CONFIRMED,docs/migration/v4/scripts/rules/remaining.mjs,cbs-stock-category-insert:stock.categories:insert,REVALIDAR_INCREMENTAL
tb_cbs.estoque_categorias_itens,pending,LEGACY_AUXILIARY_NO_CURRENT_CONTRACT,,,SEM_MAPEAMENTO_VALIDADO
tb_cbs.estoque_entradas,confirmed,LEGACY_BEHAVIOR_CONFIRMED,docs/migration/v4/scripts/rules/remaining.mjs,cbs-stock-entry-insert:stock.entries:insert,REVALIDAR_INCREMENTAL
tb_cbs.estoque_inventario,confirmed,LEGACY_BEHAVIOR_CONFIRMED,docs/migration/v4/scripts/rules/remaining.mjs,cbs-inventory-category-insert:tecnologia.inventoryCategories:insert,REVALIDAR_INCREMENTAL
tb_cbs.estoque_itens,pending,LEGACY_AUXILIARY_NO_CURRENT_CONTRACT,,,SEM_MAPEAMENTO_VALIDADO
tb_cbs.estoque_localizacoes,confirmed,LEGACY_BEHAVIOR_CONFIRMED,docs/migration/v4/scripts/rules/remaining.mjs,cbs-stock-location-insert:stock.locations:insert,REVALIDAR_INCREMENTAL
tb_cbs.estoque_saidas,confirmed,LEGACY_BEHAVIOR_CONFIRMED,docs/migration/v4/scripts/rules/remaining.mjs,cbs-stock-exit-insert:stock.exits:insert,REVALIDAR_INCREMENTAL
tb_cbs.ramais,pending,FUNCTIONAL_FIELD_NO_CURRENT_DESTINATION,,,SEM_MAPEAMENTO_VALIDADO
tb_certificados.notificacoes.vencimento_certificados,pending,DERIVED_CURRENT_STATE,,,SEM_MAPEAMENTO_VALIDADO|Q01
tb_certificados.pf,confirmed,LEGACY_BEHAVIOR_CONFIRMED,docs/migration/v4/scripts/rules/certificates.mjs,certificate-pf-insert:certificate.pf:insert,REVALIDAR_INCREMENTAL|Q01
tb_certificados.pj,confirmed,LEGACY_BEHAVIOR_CONFIRMED,docs/migration/v4/scripts/rules/certificates.mjs,certificate-pj-insert:certificate.pj:insert,REVALIDAR_INCREMENTAL|Q01
tb_comercial.cobrancas_descricao,pending,NO_CURRENT_CONTRACT,,,SEM_MAPEAMENTO_VALIDADO|C02
tb_contabil.alteracoes_contabil,pending,NO_CURRENT_CONTRACT,,,SEM_MAPEAMENTO_VALIDADO
tb_contabil.bancos,pending,NO_LEGACY_RUNTIME_REFERENCE,,,SEM_MAPEAMENTO_VALIDADO
tb_contabil.clientes_bancos,pending,CURRENT_CONTRACT_NOT_FAITHFUL,,,SEM_MAPEAMENTO_VALIDADO
tb_contabil.clientes_bancos_erros,pending,NO_CURRENT_CONTRACT,,,SEM_MAPEAMENTO_VALIDADO
tb_contabil.clientes_bancos_temp,pending,NO_LEGACY_RUNTIME_REFERENCE,,,SEM_MAPEAMENTO_VALIDADO
tb_contabil.clientes_mov,confirmed,LEGACY_BEHAVIOR_CONFIRMED,docs/migration/v4/scripts/rules/admin-business.mjs,contabil-client-movement-insert:contabil.responsibles:insert,REVALIDAR_INCREMENTAL
tb_contabil.clientes_observacao,confirmed,LEGACY_BEHAVIOR_CONFIRMED,docs/migration/v4/scripts/rules/admin-business.mjs,contabil-client-history-insert:clients.history:insert,REVALIDAR_INCREMENTAL
tb_contabil.controle,confirmed,LEGACY_BEHAVIOR_CONFIRMED,docs/migration/v4/scripts/rules/admin-business.mjs,contabil-control-insert:contabil.control:insert,REVALIDAR_INCREMENTAL
tb_contabil.documentos,pending,CURRENT_CONTRACT_NOT_FAITHFUL,,,SEM_MAPEAMENTO_VALIDADO
tb_contabil.documentos_bancos,pending,NO_LEGACY_RUNTIME_REFERENCE,,,SEM_MAPEAMENTO_VALIDADO
tb_contabil.documentos_padrao,pending,CURRENT_CONTRACT_NOT_FAITHFUL,,,SEM_MAPEAMENTO_VALIDADO
tb_contabil.movimentacao,pending,NO_CURRENT_CONTRACT,,,SEM_MAPEAMENTO_VALIDADO
tb_contabil.nuvens,pending,CURRENT_CONTRACT_NOT_FAITHFUL,,,SEM_MAPEAMENTO_VALIDADO
tb_contabil.relacoes,confirmed,LEGACY_BEHAVIOR_CONFIRMED,docs/migration/v4/scripts/rules/admin-business.mjs,contabil-relationship-insert:contabil.relationship:insert,REVALIDAR_INCREMENTAL
tb_financeiro.contratos,pending,NO_STABLE_MERGE_IDENTITY,,,SEM_MAPEAMENTO_VALIDADO
tb_fiscal.aliquota_interestadual,pending,NO_CURRENT_CONTRACT,,,SEM_MAPEAMENTO_VALIDADO
tb_fiscal.antecipacao,pending,NO_CURRENT_CONTRACT,,,SEM_MAPEAMENTO_VALIDADO
tb_fiscal.antecipacao_envolvidos,pending,NO_CURRENT_CONTRACT,,,SEM_MAPEAMENTO_VALIDADO
tb_fiscal.clientes_atacadistas,pending,NO_STABLE_MERGE_IDENTITY,,,SEM_MAPEAMENTO_VALIDADO
tb_fiscal.clientes_sn,pending,CURRENT_CONTRACT_NOT_FAITHFUL,,,SEM_MAPEAMENTO_VALIDADO
tb_fiscal.controle_impostos,pending,CURRENT_CONTRACT_NOT_FAITHFUL,,,SEM_MAPEAMENTO_VALIDADO
tb_fiscal.controle_impostos_anual,pending,CURRENT_CONTRACT_NOT_FAITHFUL,,,SEM_MAPEAMENTO_VALIDADO
tb_fiscal.controle_impostos_mei,pending,CURRENT_CONTRACT_NOT_FAITHFUL,,,SEM_MAPEAMENTO_VALIDADO
tb_fiscal.controle_impostos_normal,pending,CURRENT_CONTRACT_NOT_FAITHFUL,,,SEM_MAPEAMENTO_VALIDADO
tb_fiscal.controle_impostos_npossui,pending,CURRENT_CONTRACT_NOT_FAITHFUL,,,SEM_MAPEAMENTO_VALIDADO
tb_fiscal.controle_impostos_sn,pending,CURRENT_CONTRACT_NOT_FAITHFUL,,,SEM_MAPEAMENTO_VALIDADO
tb_fiscal.documentos,pending,CURRENT_CONTRACT_NOT_FAITHFUL,,,SEM_MAPEAMENTO_VALIDADO
tb_fiscal.icms,confirmed,LEGACY_BEHAVIOR_CONFIRMED,docs/migration/v4/scripts/rules/admin-business.mjs,fiscal-icms-insert:fiscal.icms:insert,REVALIDAR_INCREMENTAL
tb_fiscal.ipi,confirmed,LEGACY_BEHAVIOR_CONFIRMED,docs/migration/v4/scripts/rules/admin-business.mjs,fiscal-ipi-insert:fiscal.ipi:insert,REVALIDAR_INCREMENTAL
tb_fiscal.iss,pending,NO_CURRENT_CONTRACT,,,SEM_MAPEAMENTO_VALIDADO
tb_fiscal.malhas,pending,NO_CURRENT_CONTRACT,,,SEM_MAPEAMENTO_VALIDADO
tb_fiscal.mva,pending,NO_CURRENT_CONTRACT,,,SEM_MAPEAMENTO_VALIDADO
tb_fiscal.portes,pending,CURRENT_CONTRACT_NOT_FAITHFUL,,,SEM_MAPEAMENTO_VALIDADO
tb_fiscal.sn_completo_sn,pending,NO_LEGACY_RUNTIME_REFERENCE,,,SEM_MAPEAMENTO_VALIDADO
tb_fiscal.tributacao_pis_cofins,confirmed,LEGACY_BEHAVIOR_CONFIRMED,docs/migration/v4/scripts/rules/admin-business.mjs,fiscal-ncm-insert:fiscal.ncm:insert,REVALIDAR_INCREMENTAL
tb_historico,pending,NO_LEGACY_RUNTIME_REFERENCE,,,SEM_MAPEAMENTO_VALIDADO
tb_historico.admin,pending,LEGACY_HISTORY_NO_REPLAY_CONTRACT,,,SEM_MAPEAMENTO_VALIDADO
tb_historico.admin_departamentos,pending,LEGACY_HISTORY_NO_REPLAY_CONTRACT,,,SEM_MAPEAMENTO_VALIDADO
tb_historico.admin_usuarios,pending,LEGACY_HISTORY_NO_REPLAY_CONTRACT,,,SEM_MAPEAMENTO_VALIDADO
tb_historico.atendimento,pending,LEGACY_HISTORY_NO_REPLAY_CONTRACT,,,SEM_MAPEAMENTO_VALIDADO
tb_historico.cbs_estoque,pending,LEGACY_HISTORY_NO_REPLAY_CONTRACT,,,SEM_MAPEAMENTO_VALIDADO
tb_historico.certificado,pending,LEGACY_HISTORY_NO_REPLAY_CONTRACT,,,SEM_MAPEAMENTO_VALIDADO
tb_historico.comercial,pending,LEGACY_HISTORY_NO_REPLAY_CONTRACT,,,SEM_MAPEAMENTO_VALIDADO
tb_historico.contabil,pending,LEGACY_HISTORY_NO_REPLAY_CONTRACT,,,SEM_MAPEAMENTO_VALIDADO
tb_historico.financeiro,pending,LEGACY_HISTORY_NO_REPLAY_CONTRACT,,,SEM_MAPEAMENTO_VALIDADO
tb_historico.fiscal,pending,LEGACY_HISTORY_NO_REPLAY_CONTRACT,,,SEM_MAPEAMENTO_VALIDADO
tb_historico.integracao,pending,LEGACY_HISTORY_NO_REPLAY_CONTRACT,,,SEM_MAPEAMENTO_VALIDADO
tb_historico.integracao_agenda,pending,LEGACY_HISTORY_NO_REPLAY_CONTRACT,,,SEM_MAPEAMENTO_VALIDADO
tb_historico.integracao_clientes,pending,LEGACY_HISTORY_NO_REPLAY_CONTRACT,,,SEM_MAPEAMENTO_VALIDADO
tb_historico.integracao_clientes_dominio,pending,LEGACY_HISTORY_NO_REPLAY_CONTRACT,,,SEM_MAPEAMENTO_VALIDADO
tb_historico.integracao_exclusoes,pending,LEGACY_HISTORY_NO_REPLAY_CONTRACT,,,SEM_MAPEAMENTO_VALIDADO
tb_historico.integracao_grupos,pending,LEGACY_HISTORY_NO_REPLAY_CONTRACT,,,SEM_MAPEAMENTO_VALIDADO
tb_historico.integracao_objetivos,pending,LEGACY_HISTORY_NO_REPLAY_CONTRACT,,,SEM_MAPEAMENTO_VALIDADO
tb_historico.integracao_pas,pending,LEGACY_HISTORY_NO_REPLAY_CONTRACT,,,SEM_MAPEAMENTO_VALIDADO
tb_historico.integracao_pas_historicos,pending,LEGACY_HISTORY_NO_REPLAY_CONTRACT,,,SEM_MAPEAMENTO_VALIDADO
tb_historico.integracao_planos,pending,LEGACY_HISTORY_NO_REPLAY_CONTRACT,,,SEM_MAPEAMENTO_VALIDADO
tb_historico.integracao_prospeccao_comercial,pending,LEGACY_HISTORY_NO_REPLAY_CONTRACT,,,SEM_MAPEAMENTO_VALIDADO
tb_historico.integracao_tarefas,pending,LEGACY_HISTORY_NO_REPLAY_CONTRACT,,,SEM_MAPEAMENTO_VALIDADO
tb_historico.integracao_tarefas_distrato,pending,LEGACY_HISTORY_NO_REPLAY_CONTRACT,,,SEM_MAPEAMENTO_VALIDADO
tb_historico.integracao_tarefas_express,pending,LEGACY_HISTORY_NO_REPLAY_CONTRACT,,,SEM_MAPEAMENTO_VALIDADO
tb_historico.integracao_tarefas_express_distrato,pending,LEGACY_HISTORY_NO_REPLAY_CONTRACT,,,SEM_MAPEAMENTO_VALIDADO
tb_historico.keep,pending,LEGACY_HISTORY_NO_REPLAY_CONTRACT,,,SEM_MAPEAMENTO_VALIDADO
tb_historico.marketing,pending,LEGACY_HISTORY_NO_REPLAY_CONTRACT,,,SEM_MAPEAMENTO_VALIDADO
tb_historico.parcelamento,pending,LEGACY_HISTORY_NO_REPLAY_CONTRACT,,,SEM_MAPEAMENTO_VALIDADO|P01
tb_historico.permissoes,pending,LEGACY_HISTORY_NO_REPLAY_CONTRACT,,,SEM_MAPEAMENTO_VALIDADO
tb_historico.pessoal,pending,LEGACY_HISTORY_NO_REPLAY_CONTRACT,,,SEM_MAPEAMENTO_VALIDADO
tb_historico.regularize,pending,LEGACY_HISTORY_NO_REPLAY_CONTRACT,,,SEM_MAPEAMENTO_VALIDADO
tb_historico.rh,pending,LEGACY_HISTORY_NO_REPLAY_CONTRACT,,,SEM_MAPEAMENTO_VALIDADO
tb_historico.tecnologia,pending,LEGACY_HISTORY_NO_REPLAY_CONTRACT,,,SEM_MAPEAMENTO_VALIDADO
tb_historico.triagem,pending,LEGACY_HISTORY_NO_REPLAY_CONTRACT,,,SEM_MAPEAMENTO_VALIDADO
tb_historico.wiki,pending,LEGACY_HISTORY_NO_REPLAY_CONTRACT,,,SEM_MAPEAMENTO_VALIDADO
tb_historico.workspace,pending,LEGACY_HISTORY_NO_REPLAY_CONTRACT,,,SEM_MAPEAMENTO_VALIDADO
tb_integracao.admin_tarefas,pending,NO_LEGACY_RUNTIME_REFERENCE,,,SEM_MAPEAMENTO_VALIDADO
tb_integracao.admin_urgencias,pending,CURRENT_CONTRACT_NOT_FAITHFUL,,,SEM_MAPEAMENTO_VALIDADO
tb_integracao.agenda,pending,CURRENT_CONTRACT_NOT_FAITHFUL,,,SEM_MAPEAMENTO_VALIDADO
tb_integracao.agenda_horas,pending,CURRENT_CONTRACT_NOT_FAITHFUL,,,SEM_MAPEAMENTO_VALIDADO
tb_integracao.agenda_locais,pending,CURRENT_CONTRACT_NOT_FAITHFUL,,,SEM_MAPEAMENTO_VALIDADO
tb_integracao.agenda_status,pending,CURRENT_CONTRACT_NOT_FAITHFUL,,,SEM_MAPEAMENTO_VALIDADO
tb_integracao.bloqueio,pending,CURRENT_CONTRACT_NOT_FAITHFUL,,,SEM_MAPEAMENTO_VALIDADO
tb_integracao.clientes,confirmed,LEGACY_BEHAVIOR_CONFIRMED,docs/migration/v4/scripts/rules/v2.mjs,integration-client-insert:clients:insert,REVALIDAR_INCREMENTAL
tb_integracao.cobradores_solucoes,pending,CURRENT_CONTRACT_NOT_FAITHFUL,,,SEM_MAPEAMENTO_VALIDADO
tb_integracao.cobrancas_novas,pending,CURRENT_CONTRACT_NOT_FAITHFUL,,,SEM_MAPEAMENTO_VALIDADO|C02
tb_integracao.cobrancas_solucoes,pending,NO_LEGACY_RUNTIME_REFERENCE,,,SEM_MAPEAMENTO_VALIDADO|C02
tb_integracao.cronograma,pending,CURRENT_CONTRACT_NOT_FAITHFUL,,,SEM_MAPEAMENTO_VALIDADO
tb_integracao.envios,pending,CURRENT_CONTRACT_NOT_FAITHFUL,,,SEM_MAPEAMENTO_VALIDADO
tb_integracao.fluxos,pending,CURRENT_CONTRACT_NOT_FAITHFUL,,,SEM_MAPEAMENTO_VALIDADO
tb_integracao.fluxos_clientes,pending,CURRENT_CONTRACT_NOT_FAITHFUL,,,SEM_MAPEAMENTO_VALIDADO
tb_integracao.grupos,confirmed,LEGACY_BEHAVIOR_CONFIRMED,docs/migration/v4/scripts/rules/integracao-regularize.mjs,integration-group-insert:clients.group:insert,REVALIDAR_INCREMENTAL
tb_integracao.metricas,pending,CURRENT_CONTRACT_NOT_FAITHFUL,,,SEM_MAPEAMENTO_VALIDADO
tb_integracao.objetivos,pending,CURRENT_CONTRACT_NOT_FAITHFUL,,,SEM_MAPEAMENTO_VALIDADO
tb_integracao.pa,confirmed,LEGACY_BEHAVIOR_CONFIRMED,docs/migration/v4/scripts/rules/integracao-regularize.mjs,integration-pa-merge:clients.pa:merge,REVALIDAR_INCREMENTAL
tb_integracao.pa_historicos,confirmed,LEGACY_BEHAVIOR_CONFIRMED,docs/migration/v4/scripts/rules/integracao-regularize.mjs,integration-pa-history-insert:clients.history:insert,REVALIDAR_INCREMENTAL
tb_integracao.pa_historicos_pendentes,pending,CURRENT_CONTRACT_NOT_FAITHFUL,,,SEM_MAPEAMENTO_VALIDADO
tb_integracao.padrinhos,pending,CURRENT_CONTRACT_NOT_FAITHFUL,,,SEM_MAPEAMENTO_VALIDADO
tb_integracao.planos,confirmed,LEGACY_BEHAVIOR_CONFIRMED,docs/migration/v4/scripts/rules/v2.mjs,project-plan-insert:integracao.projectPlan:insert,REVALIDAR_INCREMENTAL
tb_integracao.portes,pending,CURRENT_CONTRACT_NOT_FAITHFUL,,,SEM_MAPEAMENTO_VALIDADO
tb_integracao.prospeccao_comercial,confirmed,LEGACY_BEHAVIOR_CONFIRMED,docs/migration/v4/scripts/rules/v2.mjs,prospecting-client-merge:clients:merge|prospecting-project-insert:integracao.projects:insert,REVALIDAR_INCREMENTAL|C01
tb_integracao.prospeccao_metricas,pending,CURRENT_CONTRACT_NOT_FAITHFUL,,,SEM_MAPEAMENTO_VALIDADO
tb_integracao.prospeccao_metricas_periodo,pending,CURRENT_CONTRACT_NOT_FAITHFUL,,,SEM_MAPEAMENTO_VALIDADO
tb_integracao.prospeccao_paralisacoes,pending,CURRENT_CONTRACT_NOT_FAITHFUL,,,SEM_MAPEAMENTO_VALIDADO
tb_integracao.prospeccoes_reset,pending,CURRENT_CONTRACT_NOT_FAITHFUL,,,SEM_MAPEAMENTO_VALIDADO
tb_integracao.responsaveis_projeto,pending,CURRENT_CONTRACT_NOT_FAITHFUL,,,SEM_MAPEAMENTO_VALIDADO
tb_integracao.segmentos,pending,CURRENT_CONTRACT_NOT_FAITHFUL,,,SEM_MAPEAMENTO_VALIDADO
tb_integracao.tarefas,confirmed,LEGACY_BEHAVIOR_CONFIRMED,docs/migration/v4/scripts/rules/v2.mjs,task-model-lookup:integracao.tasksModel:lookup|task-model-derived:integracao.tasksModel:derived|task-project-lookup:integracao.projects:lookup|task-project-derived:integracao.projects:derived|task-insert:integracao.tasks:insert,REVALIDAR_INCREMENTAL|C02
tb_integracao.tarefas_concluir,pending,CURRENT_CONTRACT_NOT_FAITHFUL,,,SEM_MAPEAMENTO_VALIDADO
tb_integracao.tarefas_contratadas,pending,CURRENT_CONTRACT_NOT_FAITHFUL,,,SEM_MAPEAMENTO_VALIDADO|C02
tb_integracao.tarefas_dependentes,confirmed,LEGACY_BEHAVIOR_CONFIRMED,docs/migration/v4/scripts/rules/integracao-regularize.mjs,task-dependent-insert:integracao.tasksDependent:insert,REVALIDAR_INCREMENTAL
tb_integracao.tarefas_distrato,pending,CURRENT_CONTRACT_NOT_FAITHFUL,,,SEM_MAPEAMENTO_VALIDADO
tb_integracao.tarefas_distrato_imagens,pending,CURRENT_CONTRACT_NOT_FAITHFUL,,,SEM_MAPEAMENTO_VALIDADO
tb_integracao.tarefas_docs,pending,CURRENT_CONTRACT_NOT_FAITHFUL,,,SEM_MAPEAMENTO_VALIDADO
tb_integracao.tarefas_express,confirmed,LEGACY_BEHAVIOR_CONFIRMED,docs/migration/v4/scripts/rules/v2.mjs,task-model-insert:integracao.tasksModel:insert,REVALIDAR_INCREMENTAL
tb_integracao.tarefas_express_distrato,confirmed,LEGACY_BEHAVIOR_CONFIRMED,docs/migration/v4/scripts/rules/integracao-regularize.mjs,termination-task-model-insert:integracao.tasksModel:insert,REVALIDAR_INCREMENTAL
tb_integracao.tarefas_imagens,pending,CURRENT_CONTRACT_NOT_FAITHFUL,,,SEM_MAPEAMENTO_VALIDADO
tb_integracao.tarefas_indicadores,pending,CURRENT_CONTRACT_NOT_FAITHFUL,,,SEM_MAPEAMENTO_VALIDADO
tb_integracao.tarefas_justificativa,pending,CURRENT_CONTRACT_NOT_FAITHFUL,,,SEM_MAPEAMENTO_VALIDADO
tb_integracao.tarefas_ordem,pending,CURRENT_CONTRACT_NOT_FAITHFUL,,,SEM_MAPEAMENTO_VALIDADO
tb_integracao.tarefas_parceiros,pending,CURRENT_CONTRACT_NOT_FAITHFUL,,,SEM_MAPEAMENTO_VALIDADO
tb_integracao.tarefas_planos,confirmed,LEGACY_BEHAVIOR_CONFIRMED,docs/migration/v4/scripts/rules/v2.mjs,project-plan-task-insert:integracao.projectPlanTasks:insert,REVALIDAR_INCREMENTAL
tb_integracao.tarefas_regularize,confirmed,LEGACY_BEHAVIOR_CONFIRMED,docs/migration/v4/scripts/rules/integracao-regularize.mjs,task-regularize-link-insert:integracao.tasksIntegrationRegularize:insert,REVALIDAR_INCREMENTAL
tb_integracao.tarefas_total,pending,CURRENT_CONTRACT_NOT_FAITHFUL,,,SEM_MAPEAMENTO_VALIDADO
tb_mkt.controle_ia,pending,NO_CURRENT_CONTRACT,,,SEM_MAPEAMENTO_VALIDADO
tb_mkt.eventos,pending,NO_CURRENT_CONTRACT,,,SEM_MAPEAMENTO_VALIDADO
tb_mkt.eventos_edicoes,pending,NO_CURRENT_CONTRACT,,,SEM_MAPEAMENTO_VALIDADO
tb_mkt.eventos_feedbacks,pending,NO_CURRENT_CONTRACT,,,SEM_MAPEAMENTO_VALIDADO
tb_mkt.eventos_feedbacks_periodos,pending,NO_CURRENT_CONTRACT,,,SEM_MAPEAMENTO_VALIDADO
tb_mkt.redes_sociais,confirmed,LEGACY_BEHAVIOR_CONFIRMED,docs/migration/v4/scripts/rules/remaining.mjs,mkt-client-social-merge:clients:merge,REVALIDAR_INCREMENTAL
tb_mkt.senhas,confirmed,LEGACY_BEHAVIOR_CONFIRMED,docs/migration/v4/scripts/rules/remaining.mjs,mkt-password-insert:mtk.passwords:insert,REVALIDAR_INCREMENTAL
tb_mkt.solicitacoes,pending,NO_CURRENT_CONTRACT,,,SEM_MAPEAMENTO_VALIDADO
tb_parcelamento.clientes,confirmed,LEGACY_BEHAVIOR_CONFIRMED,docs/migration/v4/scripts/rules/parcelamento.mjs,parcelamento-client-lookup:clients:lookup,REVALIDAR_INCREMENTAL|P01
tb_parcelamento.competencia,confirmed,LEGACY_BEHAVIOR_CONFIRMED,docs/migration/v4/scripts/rules/parcelamento.mjs,parcelamento-installment-competency-insert:parcelamento.installmentsCompetencies:insert,REVALIDAR_INCREMENTAL|P01
tb_parcelamento.parcelamentos,confirmed,LEGACY_BEHAVIOR_CONFIRMED,docs/migration/v4/scripts/rules/parcelamento.mjs,parcelamento-installment-insert:parcelamento.installments:insert,REVALIDAR_INCREMENTAL|P01
tb_parcelamento.simulacoes,pending,NO_CURRENT_CONTRACT,,,SEM_MAPEAMENTO_VALIDADO|P01
tb_parcelamento.simulacoes_parcelamentos,pending,NO_CURRENT_CONTRACT,,,SEM_MAPEAMENTO_VALIDADO|P01
tb_pec.notas,confirmed,LEGACY_BEHAVIOR_CONFIRMED,docs/migration/v4/scripts/rules/remaining.mjs,pec-note-insert:notes:insert,REVALIDAR_INCREMENTAL
tb_pessoal.atividades,pending,NO_CURRENT_CONTRACT,,,SEM_MAPEAMENTO_VALIDADO|Q01
tb_pessoal.bem,confirmed,LEGACY_BEHAVIOR_CONFIRMED,docs/migration/v4/scripts/rules/rh-pessoal.mjs,tb_pessoal-bem-password-insert:pessoal.passwords:insert,REVALIDAR_INCREMENTAL|Q01
tb_pessoal.bsf,confirmed,LEGACY_BEHAVIOR_CONFIRMED,docs/migration/v4/scripts/rules/rh-pessoal.mjs,tb_pessoal-bsf-password-insert:pessoal.passwords:insert,REVALIDAR_INCREMENTAL|Q01
tb_pessoal.clientes_situacoes,confirmed,LEGACY_BEHAVIOR_CONFIRMED,docs/migration/v4/scripts/rules/rh-pessoal.mjs,pessoal-situation-insert:pessoal.situations:insert,REVALIDAR_INCREMENTAL|Q01
tb_pessoal.codigos_acesso,confirmed,LEGACY_BEHAVIOR_CONFIRMED,docs/migration/v4/scripts/rules/rh-pessoal.mjs,tb_pessoal-codigos_acesso-password-insert:pessoal.passwords:insert,REVALIDAR_INCREMENTAL|Q01
tb_pessoal.contri_assis,confirmed,LEGACY_BEHAVIOR_CONFIRMED,docs/migration/v4/scripts/rules/rh-pessoal.mjs,tb_pessoal-contri_assis-password-insert:pessoal.passwords:insert,REVALIDAR_INCREMENTAL|Q01
tb_pessoal.empregador_web,confirmed,LEGACY_BEHAVIOR_CONFIRMED,docs/migration/v4/scripts/rules/rh-pessoal.mjs,tb_pessoal-empregador_web-password-insert:pessoal.passwords:insert,REVALIDAR_INCREMENTAL|Q01
tb_pessoal.folhas,confirmed,LEGACY_BEHAVIOR_CONFIRMED,docs/migration/v4/scripts/rules/rh-pessoal.mjs,pessoal-payroll-insert:pessoal.payroll:insert,REVALIDAR_INCREMENTAL|Q01
tb_pessoal.grupos,pending,NO_CURRENT_CONTRACT,,,SEM_MAPEAMENTO_VALIDADO|Q01
tb_pessoal.ldd,confirmed,LEGACY_BEHAVIOR_CONFIRMED,docs/migration/v4/scripts/rules/rh-pessoal.mjs,pessoal-ldd-insert:pessoal.ldd:insert,REVALIDAR_INCREMENTAL|Q01
tb_pessoal.obrigacoes,confirmed,LEGACY_BEHAVIOR_CONFIRMED,docs/migration/v4/scripts/rules/rh-pessoal.mjs,pessoal-obligation-insert:pessoal.obrigations:insert,REVALIDAR_INCREMENTAL|Q01
tb_pessoal.sindicato,confirmed,LEGACY_BEHAVIOR_CONFIRMED,docs/migration/v4/scripts/rules/rh-pessoal.mjs,pessoal-union-insert:pessoal.union:insert,REVALIDAR_INCREMENTAL|Q01
tb_regularize.agenda,pending,CURRENT_CONTRACT_NOT_FAITHFUL,,,SEM_MAPEAMENTO_VALIDADO
tb_regularize.agenda_controle,pending,CURRENT_CONTRACT_NOT_FAITHFUL,,,SEM_MAPEAMENTO_VALIDADO
tb_regularize.agenda_status,pending,CURRENT_CONTRACT_NOT_FAITHFUL,,,SEM_MAPEAMENTO_VALIDADO
tb_regularize.alvaras,confirmed,LEGACY_BEHAVIOR_CONFIRMED,docs/migration/v4/scripts/rules/v2.mjs,license-insert:regularize.license:insert,REVALIDAR_INCREMENTAL
tb_regularize.alvaras_vencimentos,pending,CURRENT_CONTRACT_NOT_FAITHFUL,,,SEM_MAPEAMENTO_VALIDADO
tb_regularize.atividades,pending,CURRENT_CONTRACT_NOT_FAITHFUL,,,SEM_MAPEAMENTO_VALIDADO
tb_regularize.clientes,confirmed,LEGACY_BEHAVIOR_CONFIRMED,docs/migration/v4/scripts/rules/v2.mjs,regularize-client-merge:clients:merge|regularize-client-insert:clients:insert,REVALIDAR_INCREMENTAL
tb_regularize.clientes_competencia,pending,CURRENT_CONTRACT_NOT_FAITHFUL,,,SEM_MAPEAMENTO_VALIDADO
tb_regularize.clientes_dominio_logos,pending,CURRENT_CONTRACT_NOT_FAITHFUL,,,SEM_MAPEAMENTO_VALIDADO
tb_regularize.clientes_licitacoes,pending,CURRENT_CONTRACT_NOT_FAITHFUL,,,SEM_MAPEAMENTO_VALIDADO
tb_regularize.clientes_senhas,confirmed,LEGACY_BEHAVIOR_CONFIRMED,docs/migration/v4/scripts/rules/v2.mjs,credential-site-gov-br:regularize.passowordsSites:derived|credential-site-regularize:regularize.passowordsSites:derived|credential-site-simples:regularize.passowordsSites:derived|credential-site-bacen:regularize.passowordsSites:derived|credential-site-mei:regularize.passowordsSites:derived|credential-site-sefaz:regularize.passowordsSites:derived|credential-site-webiss-master:regularize.passowordsSites:derived|credential-site-webiss-cpf:regularize.passowordsSites:derived|credential-site-seifsa:regularize.passowordsSites:derived|credential-slot-gov-br:regularize.passwordsRegularize:insert|credential-slot-regularize:regularize.passwordsRegularize:insert|credential-slot-simples:regularize.passwordsRegularize:insert|credential-slot-bacen:regularize.passwordsRegularize:insert|credential-slot-mei:regularize.passwordsRegularize:insert|credential-slot-sefaz:regularize.passwordsRegularize:insert|credential-slot-webiss-master:regularize.passwordsRegularize:insert|credential-slot-webiss-cpf-1:regularize.passwordsRegularize:insert|credential-slot-webiss-cpf-2:regularize.passwordsRegularize:insert|credential-slot-seifsa:regularize.passwordsRegularize:insert,REVALIDAR_INCREMENTAL
tb_regularize.controle_inativar,pending,CURRENT_CONTRACT_NOT_FAITHFUL,,,SEM_MAPEAMENTO_VALIDADO
tb_regularize.coringa,pending,CURRENT_CONTRACT_NOT_FAITHFUL,,,SEM_MAPEAMENTO_VALIDADO
tb_regularize.coringa_status,pending,CURRENT_CONTRACT_NOT_FAITHFUL,,,SEM_MAPEAMENTO_VALIDADO
tb_regularize.distrato_checklist,pending,CURRENT_CONTRACT_NOT_FAITHFUL,,,SEM_MAPEAMENTO_VALIDADO
tb_regularize.dte,pending,CURRENT_CONTRACT_NOT_FAITHFUL,,,SEM_MAPEAMENTO_VALIDADO
tb_regularize.dte_status,pending,CURRENT_CONTRACT_NOT_FAITHFUL,,,SEM_MAPEAMENTO_VALIDADO
tb_regularize.grupos,confirmed,LEGACY_BEHAVIOR_CONFIRMED,docs/migration/v4/scripts/rules/integracao-regularize.mjs,regularize-group-insert:clients.group:insert,REVALIDAR_INCREMENTAL
tb_regularize.grupos_integrantes,confirmed,LEGACY_BEHAVIOR_CONFIRMED,docs/migration/v4/scripts/rules/integracao-regularize.mjs,regularize-group-member-insert:clients.clientsGroup:insert,REVALIDAR_INCREMENTAL
tb_regularize.orientaoes_checklist,pending,CURRENT_CONTRACT_NOT_FAITHFUL,,,SEM_MAPEAMENTO_VALIDADO
tb_regularize.orientaoes_filiais,pending,CURRENT_CONTRACT_NOT_FAITHFUL,,,SEM_MAPEAMENTO_VALIDADO
tb_regularize.orientaoes_processual,confirmed,LEGACY_BEHAVIOR_CONFIRMED,docs/migration/v4/scripts/rules/v2.mjs,guidance-process-lookup:regularize.process:lookup|guidance-process-derived:regularize.process:derived|guidance-insert:regularize.proceduralGuidances:insert,REVALIDAR_INCREMENTAL
tb_regularize.orientaoes_processual.atividades,confirmed,LEGACY_BEHAVIOR_CONFIRMED,docs/migration/v4/scripts/rules/integracao-regularize.mjs,guidance-activities-aggregate:regularize.proceduralGuidances:aggregate,REVALIDAR_INCREMENTAL
tb_regularize.orientaoes_processual.socios,confirmed,LEGACY_BEHAVIOR_CONFIRMED,docs/migration/v4/scripts/rules/v2.mjs,guidance-partners-aggregate:regularize.proceduralGuidances:aggregate,REVALIDAR_INCREMENTAL
tb_regularize.permissoes_senhas,pending,CURRENT_CONTRACT_NOT_FAITHFUL,,,SEM_MAPEAMENTO_VALIDADO
tb_regularize.pf,confirmed,LEGACY_BEHAVIOR_CONFIRMED,docs/migration/v4/scripts/rules/integracao-regularize.mjs,regularize-client-pf-insert:clients.pf:insert,REVALIDAR_INCREMENTAL
tb_regularize.pf_empresas,confirmed,LEGACY_BEHAVIOR_CONFIRMED,docs/migration/v4/scripts/rules/integracao-regularize.mjs,regularize-partner-insert:regularize.partners:insert,REVALIDAR_INCREMENTAL
tb_regularize.processos,confirmed,LEGACY_BEHAVIOR_CONFIRMED,docs/migration/v4/scripts/rules/v2.mjs,process-insert:regularize.process:insert,REVALIDAR_INCREMENTAL
tb_regularize.processos_dias,pending,CURRENT_CONTRACT_NOT_FAITHFUL,,,SEM_MAPEAMENTO_VALIDADO
tb_regularize.regimes,pending,CURRENT_CONTRACT_NOT_FAITHFUL,,,SEM_MAPEAMENTO_VALIDADO
tb_regularize.sites_estado,pending,CURRENT_CONTRACT_NOT_FAITHFUL,,,SEM_MAPEAMENTO_VALIDADO
tb_regularize.sites_prefeituras,pending,CURRENT_CONTRACT_NOT_FAITHFUL,,,SEM_MAPEAMENTO_VALIDADO
tb_regularize.taxas_municipais,confirmed,LEGACY_BEHAVIOR_CONFIRMED,docs/migration/v4/scripts/rules/v2.mjs,municipal-tax-insert:regularize.municipalTaxes:insert,REVALIDAR_INCREMENTAL
tb_regularize.vencimento,confirmed,LEGACY_BEHAVIOR_CONFIRMED,docs/migration/v4/scripts/rules/integracao-regularize.mjs,client-pf-rg-expiration-merge:clients.pf:merge|client-pf-cnh-expiration-merge:clients.pf:merge,REVALIDAR_INCREMENTAL
tb_rh.alergias,confirmed,LEGACY_BEHAVIOR_CONFIRMED,docs/migration/v4/scripts/rules/rh-pessoal.mjs,user-allergies-merge:users:aggregate,REVALIDAR_INCREMENTAL|U01|Q01
tb_rh.andares,pending,NO_CURRENT_CONTRACT,,,SEM_MAPEAMENTO_VALIDADO|Q01
tb_rh.cargos,pending,NO_INDEPENDENT_DESTINATION,,,SEM_MAPEAMENTO_VALIDADO|Q01
tb_rh.cce,pending,NO_CURRENT_CONTRACT,,,SEM_MAPEAMENTO_VALIDADO|Q01
tb_rh.cce_avaliacoes,pending,NO_CURRENT_CONTRACT,,,SEM_MAPEAMENTO_VALIDADO|Q01
tb_rh.colaboradores,confirmed,LEGACY_BEHAVIOR_CONFIRMED,docs/migration/v4/scripts/rules/v2.mjs,collaborator-user-merge:users:merge|collaborator-job-title-merge:users:merge,REVALIDAR_INCREMENTAL|U01|Q01
tb_rh.colaboradores_atas,pending,NO_CURRENT_CONTRACT,,,SEM_MAPEAMENTO_VALIDADO|Q01
tb_rh.contatos_emergencia,confirmed,LEGACY_BEHAVIOR_CONFIRMED,docs/migration/v4/scripts/rules/rh-pessoal.mjs,user-emergency-contacts-merge:users:aggregate,REVALIDAR_INCREMENTAL|U01|Q01
tb_rh.feedbacks,pending,NO_CURRENT_CONTRACT,,,SEM_MAPEAMENTO_VALIDADO|Q01
tb_rh.feriados,confirmed,LEGACY_BEHAVIOR_CONFIRMED,docs/migration/v4/scripts/rules/rh-pessoal.mjs,rh-holiday-insert:rh.holidays:insert,REVALIDAR_INCREMENTAL|Q01
tb_rh.ferias_datas,pending,NO_CURRENT_CONTRACT,,,SEM_MAPEAMENTO_VALIDADO|Q01
tb_rh.ferias_periodos,pending,NO_CURRENT_CONTRACT,,,SEM_MAPEAMENTO_VALIDADO|Q01
tb_rh.intercorrencias,pending,NO_CURRENT_CONTRACT,,,SEM_MAPEAMENTO_VALIDADO|Q01
tb_rh.intercorrencias_tipos,pending,NO_CURRENT_CONTRACT,,,SEM_MAPEAMENTO_VALIDADO|Q01
tb_rh.pontos,confirmed,LEGACY_BEHAVIOR_CONFIRMED,docs/migration/v4/scripts/rules/rh-pessoal.mjs,rh-point-config-insert:rh.pointConfig:insert,REVALIDAR_INCREMENTAL|Q01
tb_rh.pontos_adicionais_folhas,confirmed,LEGACY_BEHAVIOR_CONFIRMED,docs/migration/v4/scripts/rules/rh-pessoal.mjs,rh-time-bank-release-insert:rh.timeBankReleases:insert,REVALIDAR_INCREMENTAL|Q01
tb_rh.pontos_folhas,confirmed,LEGACY_BEHAVIOR_CONFIRMED,docs/migration/v4/scripts/rules/rh-pessoal.mjs,rh-time-sheet-insert:rh.timeSheets:insert,REVALIDAR_INCREMENTAL|Q01
tb_rh.pontos_registros,confirmed,LEGACY_BEHAVIOR_CONFIRMED,docs/migration/v4/scripts/rules/rh-pessoal.mjs,rh-point-insert:rh.points:insert,REVALIDAR_INCREMENTAL|Q01
tb_rh.pontos_solicitacoes,confirmed,LEGACY_BEHAVIOR_CONFIRMED,docs/migration/v4/scripts/rules/rh-pessoal.mjs,rh-time-clock-request-insert:rh.timeClockRequest:insert,REVALIDAR_INCREMENTAL|Q01
tb_rh.provas,pending,NO_CURRENT_CONTRACT,,,SEM_MAPEAMENTO_VALIDADO|Q01
tb_rh.provas_inscritos,pending,NO_CURRENT_CONTRACT,,,SEM_MAPEAMENTO_VALIDADO|Q01
tb_rh.provas_questoes,pending,NO_CURRENT_CONTRACT,,,SEM_MAPEAMENTO_VALIDADO|Q01
tb_rh.provas_respostas,pending,NO_CURRENT_CONTRACT,,,SEM_MAPEAMENTO_VALIDADO|Q01
tb_rh.pv,pending,NO_CURRENT_CONTRACT,,,SEM_MAPEAMENTO_VALIDADO|Q01
tb_rh.pv_objetivos,pending,NO_CURRENT_CONTRACT,,,SEM_MAPEAMENTO_VALIDADO|Q01
tb_rh.pv_tarefas,pending,NO_CURRENT_CONTRACT,,,SEM_MAPEAMENTO_VALIDADO|Q01
tb_rh.pv_tarefas_express,pending,NO_CURRENT_CONTRACT,,,SEM_MAPEAMENTO_VALIDADO|Q01
tb_rh.score,confirmed,LEGACY_BEHAVIOR_CONFIRMED,docs/migration/v4/scripts/rules/rh-pessoal.mjs,rh-score-insert:rh.score:insert,REVALIDAR_INCREMENTAL|Q01
tb_rh.score_avaliacoes,confirmed,LEGACY_BEHAVIOR_CONFIRMED,docs/migration/v4/scripts/rules/rh-pessoal.mjs,rh-score-evaluation-insert:rh.score_evaluations:insert,REVALIDAR_INCREMENTAL|Q01
tb_rh.score_nitro,confirmed,LEGACY_BEHAVIOR_CONFIRMED,docs/migration/v4/scripts/rules/rh-pessoal.mjs,rh-score-nitro-insert:rh.score_nitro:insert,REVALIDAR_INCREMENTAL|Q01
tb_rh.score_nitro.avaliacoes,pending,NO_CURRENT_CONTRACT,,,SEM_MAPEAMENTO_VALIDADO|Q01
tb_rh.score_nitro.avaliacoes_periodos,pending,NO_CURRENT_CONTRACT,,,SEM_MAPEAMENTO_VALIDADO|Q01
tb_rh.score_nitro.ch,pending,NO_CURRENT_CONTRACT,,,SEM_MAPEAMENTO_VALIDADO|Q01
tb_rh.score_nitro.erros,pending,NO_CURRENT_CONTRACT,,,SEM_MAPEAMENTO_VALIDADO|Q01
tb_rh.score_perguntas,confirmed,LEGACY_BEHAVIOR_CONFIRMED,docs/migration/v4/scripts/rules/rh-pessoal.mjs,rh-score-question-insert:rh.score_questions:insert,REVALIDAR_INCREMENTAL|Q01
tb_rh.solicitacoes,confirmed,LEGACY_BEHAVIOR_CONFIRMED,docs/migration/v4/scripts/rules/rh-pessoal.mjs,rh-request-insert:rh.requests:insert,REVALIDAR_INCREMENTAL|Q01|R01
tb_rh.solicitacoes_categorias,confirmed,LEGACY_BEHAVIOR_CONFIRMED,docs/migration/v4/scripts/rules/rh-pessoal.mjs,rh-request-category-insert:rh.request_categories:insert,REVALIDAR_INCREMENTAL|Q01
tb_rh.solicitacoes_mensagens,confirmed,LEGACY_BEHAVIOR_CONFIRMED,docs/migration/v4/scripts/rules/rh-pessoal.mjs,rh-request-message-insert:rh.request_messages:insert,REVALIDAR_INCREMENTAL|Q01
tb_tecnologia.atualizacoes,pending,CURRENT_CONTRACT_NOT_FAITHFUL,,,SEM_MAPEAMENTO_VALIDADO|Q01
tb_tecnologia.atualizacoes_previsao,pending,CURRENT_CONTRACT_NOT_FAITHFUL,,,SEM_MAPEAMENTO_VALIDADO|Q01
tb_tecnologia.estoque,confirmed,LEGACY_BEHAVIOR_CONFIRMED,docs/migration/v4/scripts/rules/tecnologia.mjs,technology-stock-category-derived:stock.categories:derived|technology-stock-location-derived:stock.locations:derived|technology-stock-item-insert:stock:insert,REVALIDAR_INCREMENTAL|Q01
tb_tecnologia.estoque_entradas,confirmed,LEGACY_BEHAVIOR_CONFIRMED,docs/migration/v4/scripts/rules/tecnologia.mjs,technology-stock-entry-insert:stock.entries:insert,REVALIDAR_INCREMENTAL|Q01
tb_tecnologia.estoque_saidas,confirmed,LEGACY_BEHAVIOR_CONFIRMED,docs/migration/v4/scripts/rules/tecnologia.mjs,technology-stock-exit-insert:stock.exits:insert,REVALIDAR_INCREMENTAL|Q01
tb_tecnologia.inventario,confirmed,LEGACY_BEHAVIOR_CONFIRMED,docs/migration/v4/scripts/rules/tecnologia.mjs,technology-inventory-assigned-insert:tecnologia.inventory:insert,REVALIDAR_INCREMENTAL|Q01
tb_tecnologia.inventario_fotos,pending,NO_CURRENT_CONTRACT,,,SEM_MAPEAMENTO_VALIDADO|Q01
tb_tecnologia.inventario_itens,confirmed,LEGACY_BEHAVIOR_CONFIRMED,docs/migration/v4/scripts/rules/tecnologia.mjs,technology-inventory-location-item-insert:tecnologia.inventory:insert,REVALIDAR_INCREMENTAL|Q01
tb_tecnologia.inventario_loc,confirmed,LEGACY_BEHAVIOR_CONFIRMED,docs/migration/v4/scripts/rules/tecnologia.mjs,technology-inventory-location-insert:tecnologia.inventoryLocations:insert,REVALIDAR_INCREMENTAL|Q01
tb_tecnologia.opcoes,confirmed,LEGACY_BEHAVIOR_CONFIRMED,docs/migration/v4/scripts/rules/tecnologia.mjs,technology-inventory-category-insert:tecnologia.inventoryCategories:insert,REVALIDAR_INCREMENTAL|Q01
tb_tecnologia.reset,pending,NO_CURRENT_CONTRACT,,,SEM_MAPEAMENTO_VALIDADO|Q01
tb_tecnologia.robos,pending,CURRENT_CONTRACT_NOT_FAITHFUL,,,SEM_MAPEAMENTO_VALIDADO|Q01
tb_tecnologia.robos_controles,pending,UNRESOLVED_PARENT_CONTRACT,,,SEM_MAPEAMENTO_VALIDADO|Q01
tb_tecnologia.senhas,confirmed,LEGACY_BEHAVIOR_CONFIRMED,docs/migration/v4/scripts/rules/tecnologia.mjs,technology-password-insert:tecnologia.passwords_users:insert,REVALIDAR_INCREMENTAL|Q01
tb_tecnologia.termos,confirmed,LEGACY_BEHAVIOR_CONFIRMED,docs/migration/v4/scripts/rules/tecnologia.mjs,technology-term-insert:tecnologia.terms:insert,REVALIDAR_INCREMENTAL|Q01
tb_triagem.campos,confirmed,LEGACY_BEHAVIOR_CONFIRMED,docs/migration/v4/scripts/rules/remaining.mjs,triage-fiscal-config-insert:triagem.configs:insert,REVALIDAR_INCREMENTAL
tb_triagem.justificativas,pending,LEGACY_AUXILIARY_NO_CURRENT_CONTRACT,,,SEM_MAPEAMENTO_VALIDADO
tb_triagem.prioridade,pending,NO_CURRENT_CONTRACT,,,SEM_MAPEAMENTO_VALIDADO
tb_triagem.qtdnotas,pending,NO_CURRENT_CONTRACT,,,SEM_MAPEAMENTO_VALIDADO
tb_triagem.solicitacoes,pending,NO_CURRENT_CONTRACT,,,SEM_MAPEAMENTO_VALIDADO
tb_wiki.agenda,pending,NO_CURRENT_CONTRACT,,,SEM_MAPEAMENTO_VALIDADO
tb_wiki.destaques,pending,NO_CURRENT_CONTRACT,,,SEM_MAPEAMENTO_VALIDADO
tb_wiki.wikis,pending,NO_CURRENT_CONTRACT,,,SEM_MAPEAMENTO_VALIDADO
tb_wiki.wikis_categorias,pending,NO_CURRENT_CONTRACT,,,SEM_MAPEAMENTO_VALIDADO
tb_wiki.wikis_topicos,pending,NO_CURRENT_CONTRACT,,,SEM_MAPEAMENTO_VALIDADO
tb_workspace.alteracao_regimes,pending,NO_CURRENT_CONTRACT,,,SEM_MAPEAMENTO_VALIDADO
tb_workspace.alteracao_regimes_tarefas,pending,NO_CURRENT_CONTRACT,,,SEM_MAPEAMENTO_VALIDADO
tb_workspace.alteracao_regimes_tarefas_express,pending,NO_CURRENT_CONTRACT,,,SEM_MAPEAMENTO_VALIDADO
tb_workspace.alteracao_regimes_tipos,pending,LEGACY_AUXILIARY_NO_CURRENT_CONTRACT,,,SEM_MAPEAMENTO_VALIDADO
tb_workspace.mapas,pending,NO_CURRENT_CONTRACT,,,SEM_MAPEAMENTO_VALIDADO
tb_workspace.mapas_clientes,pending,NO_CURRENT_CONTRACT,,,SEM_MAPEAMENTO_VALIDADO
tb_workspace.natal,pending,NO_CURRENT_CONTRACT,,,SEM_MAPEAMENTO_VALIDADO
tb_workspace.solicitacoes,confirmed,LEGACY_BEHAVIOR_CONFIRMED,docs/migration/v4/scripts/rules/remaining.mjs,workspace-ti-request-insert:tecnologia.requests:insert,REVALIDAR_INCREMENTAL
tb_workspace.solicitacoes_categorias,confirmed,LEGACY_BEHAVIOR_CONFIRMED,docs/migration/v4/scripts/rules/remaining.mjs,workspace-ti-category-insert:tecnologia.request_categories:insert,REVALIDAR_INCREMENTAL
tb_workspace.solicitacoes_mensagens,confirmed,LEGACY_BEHAVIOR_CONFIRMED,docs/migration/v4/scripts/rules/remaining.mjs,workspace-ti-message-insert:tecnologia.request_messages:insert,REVALIDAR_INCREMENTAL
