"legacy_table","target_table"
"tb_admin.departamentos","departments"
"tb_admin.usuarios","users"
"tb_rh.colaboradores","users"
"tb_integracao.clientes","clients"
"tb_regularize.clientes","clients"
"tb_integracao.prospeccao_comercial","integracao.projects"
"tb_integracao.tarefas_express","integracao.tasksModel"
"tb_integracao.planos","integracao.projectPlan"
"tb_integracao.tarefas_planos","integracao.projectPlanTasks"
"tb_integracao.tarefas","integracao.tasks"
"tb_regularize.alvaras","regularize.license"
"tb_regularize.processos","regularize.process"
"tb_regularize.orientaoes_processual","regularize.proceduralGuidances"
"tb_regularize.orientaoes_processual.socios","regularize.partners"
"tb_regularize.taxas_municipais","regularize.municipalTaxes"
"tb_regularize.clientes_senhas","regularize.passwordsRegularize"
