"id","name","department_id","responsible_id","responsible2_id","responsible3_id","observations","billing","prevision","type","organization_id"
"b9bd62de-b914-5e7d-b5d9-2195271cdfa0","Tarefa legada avulsa - Financeiro","468789cc-aacd-5eed-84f5-fc6dc29f7e1c","d1912dfe-df13-517a-be69-ce2be72bbca8","","","Modelo tecnico criado para migrar tarefas reais do legado sem template equivalente em tarefas_express.","0","0","legacy-ad-hoc","e8048d1c-0830-45d7-84de-68e20abd685b"
"ff0a6c13-cdbf-5ebb-997e-ceb96d724e1f","Tarefa legada avulsa - Fiscal","77d20260-7f57-5393-9e0e-abb247979cc5","d1912dfe-df13-517a-be69-ce2be72bbca8","","","Modelo tecnico criado para migrar tarefas reais do legado sem template equivalente em tarefas_express.","0","0","legacy-ad-hoc","e8048d1c-0830-45d7-84de-68e20abd685b"
"d4bd30d7-ff43-5f77-92b0-0b0a71f4c990","Tarefa legada avulsa - Educador Fiscal x Tributário","eb36acab-f25c-5496-922b-d24f9f958c37","d1912dfe-df13-517a-be69-ce2be72bbca8","","","Modelo tecnico criado para migrar tarefas reais do legado sem template equivalente em tarefas_express.","0","0","legacy-ad-hoc","e8048d1c-0830-45d7-84de-68e20abd685b"
"ce447832-5b08-5a1c-8fb4-982755d2fe07","Tarefa legada avulsa - Contábil","ab682328-0985-5c02-a63f-c41c80a194f3","d1912dfe-df13-517a-be69-ce2be72bbca8","","","Modelo tecnico criado para migrar tarefas reais do legado sem template equivalente em tarefas_express.","0","0","legacy-ad-hoc","e8048d1c-0830-45d7-84de-68e20abd685b"
"368d9b6a-8fdc-5035-a269-63c3e7336e49","Tarefa legada avulsa - Estratégico","55ef5de4-9414-52e7-8287-046b7364788f","d1912dfe-df13-517a-be69-ce2be72bbca8","","","Modelo tecnico criado para migrar tarefas reais do legado sem template equivalente em tarefas_express.","0","0","legacy-ad-hoc","e8048d1c-0830-45d7-84de-68e20abd685b"
"73bde7f1-67d4-5dce-9d91-ff2e3c029173","Tarefa legada avulsa - Tecnologia","853c57ae-7b59-50af-898f-1a1121f6ffca","d1912dfe-df13-517a-be69-ce2be72bbca8","","","Modelo tecnico criado para migrar tarefas reais do legado sem template equivalente em tarefas_express.","0","0","legacy-ad-hoc","e8048d1c-0830-45d7-84de-68e20abd685b"
"dac05eaa-d0c1-5178-a4a0-afa72d837329","Tarefa legada avulsa - Regularize","fac51b54-0226-55a5-bf36-d48b96828699","d1912dfe-df13-517a-be69-ce2be72bbca8","","","Modelo tecnico criado para migrar tarefas reais do legado sem template equivalente em tarefas_express.","0","0","legacy-ad-hoc","e8048d1c-0830-45d7-84de-68e20abd685b"
"74962898-e10e-532c-9b4c-03cf5eb7dbde","Tarefa legada avulsa - NIT","f8373d8d-9284-55d9-bf87-38665d3fdf30","d1912dfe-df13-517a-be69-ce2be72bbca8","","","Modelo tecnico criado para migrar tarefas reais do legado sem template equivalente em tarefas_express.","0","0","legacy-ad-hoc","e8048d1c-0830-45d7-84de-68e20abd685b"
"7e8a1e7a-5e3b-5ff9-8f8e-448185e2838d","Tarefa legada avulsa - Pessoal","16b9c444-c7d7-5692-9305-62215f5ed2bd","d1912dfe-df13-517a-be69-ce2be72bbca8","","","Modelo tecnico criado para migrar tarefas reais do legado sem template equivalente em tarefas_express.","0","0","legacy-ad-hoc","e8048d1c-0830-45d7-84de-68e20abd685b"
"f159f904-1657-51f7-be2f-44b3b52aa272","Tarefa legada avulsa - Integração","c904af4b-f548-569d-b8cc-d0a0271a1e86","d1912dfe-df13-517a-be69-ce2be72bbca8","","","Modelo tecnico criado para migrar tarefas reais do legado sem template equivalente em tarefas_express.","0","0","legacy-ad-hoc","e8048d1c-0830-45d7-84de-68e20abd685b"
"d061cb74-0d82-591b-b0ab-16a3b148ca57","Tarefa legada avulsa - Atendimento","a45bdf12-ce99-5c53-b9ac-526410c62be1","d1912dfe-df13-517a-be69-ce2be72bbca8","","","Modelo tecnico criado para migrar tarefas reais do legado sem template equivalente em tarefas_express.","0","0","legacy-ad-hoc","e8048d1c-0830-45d7-84de-68e20abd685b"
"46b3d866-e421-5712-9063-0391547c6c67","Tarefa legada avulsa - Corporative","a0aa012b-d483-55db-8be9-edbc8b188caf","d1912dfe-df13-517a-be69-ce2be72bbca8","","","Modelo tecnico criado para migrar tarefas reais do legado sem template equivalente em tarefas_express.","0","0","legacy-ad-hoc","e8048d1c-0830-45d7-84de-68e20abd685b"
"f0870d91-bfec-500b-bfd0-cbbd801b9b8a","Tarefa legada avulsa - PF","bd0de5e3-8a75-5b7a-83be-3d909a964780","d1912dfe-df13-517a-be69-ce2be72bbca8","","","Modelo tecnico criado para migrar tarefas reais do legado sem template equivalente em tarefas_express.","0","0","legacy-ad-hoc","e8048d1c-0830-45d7-84de-68e20abd685b"
"fcd7ca93-029e-5882-ad34-cfeda6c4c729","Tarefa legada avulsa - Parcelamento","416a86d0-8eec-54c4-a39d-18c7d211c029","d1912dfe-df13-517a-be69-ce2be72bbca8","","","Modelo tecnico criado para migrar tarefas reais do legado sem template equivalente em tarefas_express.","0","0","legacy-ad-hoc","e8048d1c-0830-45d7-84de-68e20abd685b"
"6db8682c-078d-5ead-bee5-a181cb325b41","Tarefa legada avulsa - Consultoria Contábil x Financeiro","ab997341-0538-5dfd-92a2-4116e1e014c1","d1912dfe-df13-517a-be69-ce2be72bbca8","","","Modelo tecnico criado para migrar tarefas reais do legado sem template equivalente em tarefas_express.","0","0","legacy-ad-hoc","e8048d1c-0830-45d7-84de-68e20abd685b"
"2e1960fe-019e-5518-83c9-e0c7bb3d5216","Tarefa legada avulsa - Infoproduto","0c871ce1-8c89-5ad6-8f52-aae39f401b1a","d1912dfe-df13-517a-be69-ce2be72bbca8","","","Modelo tecnico criado para migrar tarefas reais do legado sem template equivalente em tarefas_express.","0","0","legacy-ad-hoc","e8048d1c-0830-45d7-84de-68e20abd685b"
"1e5fe469-b657-5972-95a5-8af8dee4f26d","Tarefa legada avulsa - MEI","08747b51-8f77-5522-a443-b2a333891e0e","d1912dfe-df13-517a-be69-ce2be72bbca8","","","Modelo tecnico criado para migrar tarefas reais do legado sem template equivalente em tarefas_express.","0","0","legacy-ad-hoc","e8048d1c-0830-45d7-84de-68e20abd685b"
"cd3241dd-9a9d-5857-9912-91f76b0f20b8","Tarefa legada avulsa - Triagem","0326bd14-a13e-5f1c-bbca-c3b42f6165db","d1912dfe-df13-517a-be69-ce2be72bbca8","","","Modelo tecnico criado para migrar tarefas reais do legado sem template equivalente em tarefas_express.","0","0","legacy-ad-hoc","e8048d1c-0830-45d7-84de-68e20abd685b"
"51b611ec-ec65-5434-b434-7f50f4f75172","Tarefa legada avulsa - Kalango Sistemas","1fa0896f-2f32-5ce9-a94d-2bf0ce0171e9","d1912dfe-df13-517a-be69-ce2be72bbca8","","","Modelo tecnico criado para migrar tarefas reais do legado sem template equivalente em tarefas_express.","0","0","legacy-ad-hoc","e8048d1c-0830-45d7-84de-68e20abd685b"
"4557ed2a-16e4-57c5-8849-162ff107d0fd","Tarefa legada avulsa - Sem departamento legado","d0aa5033-39b2-56a5-a875-9a8a95b26f7f","d1912dfe-df13-517a-be69-ce2be72bbca8","","","Modelo tecnico criado para migrar tarefas reais do legado sem template equivalente em tarefas_express.","0","0","legacy-ad-hoc","e8048d1c-0830-45d7-84de-68e20abd685b"
"efd1b88e-97ad-5c33-99b7-774b752a65f5","Tarefa legada avulsa - Cliente","067f6945-d9f4-5ba5-b223-65823eb39dc2","d1912dfe-df13-517a-be69-ce2be72bbca8","","","Modelo tecnico criado para migrar tarefas reais do legado sem template equivalente em tarefas_express.","0","0","legacy-ad-hoc","e8048d1c-0830-45d7-84de-68e20abd685b"
"da8dc4d4-163c-5bef-9077-79310530316b","Tarefa legada avulsa - Consultoria Pessoal x RH","d5d708d5-99da-5d7d-9b24-3d5609b7dcfd","d1912dfe-df13-517a-be69-ce2be72bbca8","","","Modelo tecnico criado para migrar tarefas reais do legado sem template equivalente em tarefas_express.","0","0","legacy-ad-hoc","e8048d1c-0830-45d7-84de-68e20abd685b"
"46d86021-e8f2-597a-b449-e2e6c1c7afbe","Tarefa legada avulsa - Metamind","6f9ab0bb-2e59-5b53-b3ff-bba092118e30","d1912dfe-df13-517a-be69-ce2be72bbca8","","","Modelo tecnico criado para migrar tarefas reais do legado sem template equivalente em tarefas_express.","0","0","legacy-ad-hoc","e8048d1c-0830-45d7-84de-68e20abd685b"
"bce0250b-fa78-55bc-9b1c-54e8cac03187","Tarefa legada avulsa - Provedor","5f3724b2-6a46-59d4-b885-b8c8ec02e345","d1912dfe-df13-517a-be69-ce2be72bbca8","","","Modelo tecnico criado para migrar tarefas reais do legado sem template equivalente em tarefas_express.","0","0","legacy-ad-hoc","e8048d1c-0830-45d7-84de-68e20abd685b"
"1030fdcf-c205-539e-9f6c-e466ed3b6178","Tarefa legada avulsa - Conexão Cloud","5ff31ae2-e780-56e4-b7da-84aa7805a11f","d1912dfe-df13-517a-be69-ce2be72bbca8","","","Modelo tecnico criado para migrar tarefas reais do legado sem template equivalente em tarefas_express.","0","0","legacy-ad-hoc","e8048d1c-0830-45d7-84de-68e20abd685b"
"91ff5bfa-6bc9-50b1-8af5-0fff402731d1","Tarefa legada avulsa - Tratamento","1a4b154c-ad72-5efd-899d-bddb69a90178","d1912dfe-df13-517a-be69-ce2be72bbca8","","","Modelo tecnico criado para migrar tarefas reais do legado sem template equivalente em tarefas_express.","0","0","legacy-ad-hoc","e8048d1c-0830-45d7-84de-68e20abd685b"
"d0212e12-362d-5725-afdf-e89b96a49625","Tarefa legada avulsa - Conexão +","5ea9d1a4-d452-59c2-be20-1b5648dc4120","d1912dfe-df13-517a-be69-ce2be72bbca8","","","Modelo tecnico criado para migrar tarefas reais do legado sem template equivalente em tarefas_express.","0","0","legacy-ad-hoc","e8048d1c-0830-45d7-84de-68e20abd685b"
"d1ffb354-c736-511b-aa23-3eead1f544b0","Tarefa legada avulsa - Conexão Projeto","db0985c5-c00b-5ba7-80f7-792626c2f919","d1912dfe-df13-517a-be69-ce2be72bbca8","","","Modelo tecnico criado para migrar tarefas reais do legado sem template equivalente em tarefas_express.","0","0","legacy-ad-hoc","e8048d1c-0830-45d7-84de-68e20abd685b"
"4d93c815-3ccc-57b8-9e62-1e353d8a0dcc","Tarefa legada avulsa - Finagest","1f69fe16-40a8-5e86-88eb-357ebfcd0dc7","d1912dfe-df13-517a-be69-ce2be72bbca8","","","Modelo tecnico criado para migrar tarefas reais do legado sem template equivalente em tarefas_express.","0","0","legacy-ad-hoc","e8048d1c-0830-45d7-84de-68e20abd685b"
"d4997d45-f8db-54cd-a1f4-1a4d2a3dded1","Tarefa legada avulsa - Castelo Med","2ff1068c-68e0-5e33-ae1e-eca78490e477","d1912dfe-df13-517a-be69-ce2be72bbca8","","","Modelo tecnico criado para migrar tarefas reais do legado sem template equivalente em tarefas_express.","0","0","legacy-ad-hoc","e8048d1c-0830-45d7-84de-68e20abd685b"
"47a8ffaf-269e-5e21-8c13-38dfbb2e543b","Tarefa legada avulsa - Consultoria Financeira","9f226a04-1e62-5a03-a22e-ba37a8c0b2d5","d1912dfe-df13-517a-be69-ce2be72bbca8","","","Modelo tecnico criado para migrar tarefas reais do legado sem template equivalente em tarefas_express.","0","0","legacy-ad-hoc","e8048d1c-0830-45d7-84de-68e20abd685b"
"d3dfc1bf-724c-5c52-a3ea-0662bd0c2c72","Tarefa legada avulsa - Business partners","94b87307-ee68-5f79-87f3-7df3da1f30d7","d1912dfe-df13-517a-be69-ce2be72bbca8","","","Modelo tecnico criado para migrar tarefas reais do legado sem template equivalente em tarefas_express.","0","0","legacy-ad-hoc","e8048d1c-0830-45d7-84de-68e20abd685b"
