sourceTable,sourceRowCount,status,reasonCode,reason,legacyReferences,currentContractEvidence,confidence,preflightComplete
tb.atendimento_documentos,1,pending,NO_CURRENT_CONTRACT,"Nenhum contrato atual fiel preserva integralmente os campos, relações e cardinalidade comprovados no CRUD legado.",atendimento/pages/clientes/cliente.php:108,,low,false
tb_admin.permissoes_atendimento,49,pending,RETIRED_PERMISSION_MODULE,Atendimento é módulo de permissão aposentado e não existe entre as chaves ativas do contrato atual.,classes/Usuario.php:185|classes/Usuario.php:188,shared/src/auth/modules.ts:19|infra/prisma/migrations/20260727160000_normalize_permission_levels/migration.sql:41,low,false
tb_admin.permissoes_pec,121,pending,RETIRED_PERMISSION_MODULE,PEC é módulo de permissão aposentado e não existe entre as chaves ativas do contrato atual.,classes/Usuario.php:269|classes/Usuario.php:272,shared/src/auth/modules.ts:19|infra/prisma/migrations/20260727160000_normalize_permission_levels/migration.sql:41,low,false
tb_admin.permissoes_wiki,12,pending,RETIRED_PERMISSION_MODULE,Wiki é módulo de permissão aposentado e não existe entre as chaves ativas do contrato atual.,classes/Usuario.php:297|classes/Usuario.php:300,shared/src/auth/modules.ts:19|infra/prisma/migrations/20260727160000_normalize_permission_levels/migration.sql:41,low,false
tb_admin.ps,7,pending,NO_CURRENT_CONTRACT,"Não existe entidade atual que preserve nome, departamento e estado do catálogo PS.",classes/PS.php:12|classes/PS.php:15,,low,false
tb_admin.responsaveis,2672,pending,CURRENT_CONTRACT_NOT_FAITHFUL,O vínculo legado varia por departamento e preserva observação; os responsáveis atuais são entidades departamentais distintas e não aceitam esta linha integralmente.,classes/Cliente.php:102|classes/Cliente.php:105,,low,false
tb_admin.responsaveis_contatos,9,pending,NO_CURRENT_CONTRACT,A linha registra somente um usuário e não contém contato ou vínculo suficiente para construir uma relação atual.,atendimento/ajax/contatos.php:12|classes/Usuario.php:960,,low,false
tb_admin.responsaveis_ps,1,pending,NO_CURRENT_CONTRACT,"Não existe entidade atual que preserve o responsável PS por cliente, departamento e observação.",classes/Cliente.php:104|classes/Cliente.php:107,,low,false
tb_admin.updates,12,pending,NO_CURRENT_CONTRACT,"Não há contrato atual de changelog que preserve imagem, blocos livres e ordenação da atualização.",fiscal/pages/sistema/updates.php:6|integracao/pages/sistema/updates.php:7,,low,false
tb_atendimento.atendimentos_opa,0,pending,NO_CURRENT_CONTRACT,A origem vazia é apenas referenciada pelo fluxo antigo e não possui estrutura ou entidade atual migrável.,atendimento/ajax/atendimentos.php:5,,low,false
tb_atendimento.contatos,1173,pending,CURRENT_CONTRACT_NOT_FAITHFUL,O contato legado tem múltiplos telefones e referência livre; comprimi-los nos escalares de Client perderia a identidade do contato.,atendimento/ajax/contatos.php:11|atendimento/pages/clientes/cliente.php:109,infra/prisma/schema.prisma:536,low,false
tb_atendimento.motoboy,41,pending,NO_LEGACY_RUNTIME_REFERENCE,Nenhuma referência de runtime foi localizada fora dos artefatos DDL do diretório backend; coincidência nominal não comprova uso seguro.,,,low,false
tb_atendimento.psc,261,pending,NO_CURRENT_CONTRACT,"Não existe contrato atual que preserve demanda, resolução, feedback, status e períodos desta ficha de atendimento.",atendimento/pages/relatorios/padrao.php:549,,low,false
tb_atendimento.satisfacao,986,pending,CURRENT_CONTRACT_NOT_FAITHFUL,"O resultado de satisfação inclui contato, pendência departamental e observação sem entidade atual equivalente.",classes/Atendimento.php:16|atendimento/pages/satisfacao/listar.php:18,,low,false
tb_atendimento.uber,1296,pending,NO_CURRENT_CONTRACT,"Não existe contrato atual de viagem que preserve participantes, autorização, plataforma, local e valor.",atendimento/pages/clientes/cliente.php:110|atendimento/pages/dashboard/home.php:189,,low,false
tb_atendimento.uber_clientes,77,pending,NO_STABLE_MERGE_IDENTITY,"O agregado usa apenas nome textual do cliente; sem vínculo explícito ou unique atual, consolidar viagens e valor em Client seria ambíguo.",classes/Uber.php:14|classes/Uber.php:43,infra/prisma/schema.prisma:536,low,false
tb_atendimento.visitas_clientes,483,pending,CURRENT_CONTRACT_NOT_FAITHFUL,"Não existe entidade atual que preserve entrada, saída, motivo, atendentes e pessoa visitada.",atendimento/pages/relatorios/padrao.php:393|atendimento/pages/relatorios/padrao.php:408,,low,false
tb_cbc.atas,0,pending,NO_CURRENT_CONTRACT,"Nenhum contrato atual fiel preserva integralmente os campos, relações e cardinalidade comprovados no CRUD legado.",certificado/pages/usuarios/editar-usuario.php:8,,low,false
tb_cbc.configs,2,pending,NO_CURRENT_CONTRACT,"Nenhum contrato atual fiel preserva integralmente os campos, relações e cardinalidade comprovados no CRUD legado.",classes/Configs.php:17,,low,false
tb_cbc.keep_clientes,251,pending,NO_CURRENT_CONTRACT,"Nenhum contrato atual fiel preserva integralmente os campos, relações e cardinalidade comprovados no CRUD legado.",classes/Nota.php:107,,low,false
tb_cbc.keep_tags,2,pending,LEGACY_AUXILIARY_NO_CURRENT_CONTRACT,"A tabela é auxiliar no legado, porém não possui contrato atual independente; seu conteúdo só pode apoiar resolução sem emitir uma entidade nova.",classes/Nota.php:118,,low,false
tb_cbc.notificacoes_popup,2359,pending,NO_CURRENT_CONTRACT,"Nenhum contrato atual fiel preserva integralmente os campos, relações e cardinalidade comprovados no CRUD legado.",ajax/popups.php:11,,low,false
tb_cbc.orcamentos,510,pending,PARTIAL_CURRENT_CONTRACT_UNRESOLVED_ADAPTATION,"O contrato atual parcial Budget preserva departamento, título, status e items em JSON, mas o legado registra cada item como uma linha com categoria, fornecedor e pagamento sem uma identidade explícita do orçamento-pai. Falta comprovar como agrupar as 510 linhas, derivar title/status do Budget e adaptar tb_cbc.orcamentos_categorias sem fabricar cardinalidade.",classes/Solicitacao.php:375,infra/prisma/schema.prisma:1078|services/src/src/services/BudgetService.ts:45,high,false
tb_cbc.orcamentos_categorias,0,pending,LEGACY_AUXILIARY_NO_CURRENT_CONTRACT,"A tabela é auxiliar no legado, porém não possui contrato atual independente; seu conteúdo só pode apoiar resolução sem emitir uma entidade nova.",classes/Solicitacao.php:423,,low,false
tb_cbc.panorama_clientes_parcelamento,332,pending,CURRENT_IDENTITY_NOT_RECONSTRUCTABLE,O contrato atual exige identidade organização/cliente/competência; o snapshot legado sem competência não permite reconstruir essa identidade sem fabricar período.,parcelamento/pages/clientes/cliente.php:189,infra/prisma/schema.prisma:1352,low,false
tb_cbc.preferencias,264,pending,NO_CURRENT_CONTRACT,"Nenhum contrato atual fiel preserva integralmente os campos, relações e cardinalidade comprovados no CRUD legado.",certificado/pages/usuarios/editar-usuario.php:6,,low,false
tb_cbc.sininhos,13215,pending,NO_CURRENT_CONTRACT,"Nenhum contrato atual fiel preserva integralmente os campos, relações e cardinalidade comprovados no CRUD legado.",classes/Parcelamento.php:144,,low,false
tb_cbs.estoque_andares,14,pending,LEGACY_AUXILIARY_NO_CURRENT_CONTRACT,"A tabela é auxiliar no legado, porém não possui contrato atual independente; seu conteúdo só pode apoiar resolução sem emitir uma entidade nova.",classes/Estoque.php:214,,low,false
tb_cbs.estoque_categorias_itens,234,pending,LEGACY_AUXILIARY_NO_CURRENT_CONTRACT,"A tabela é auxiliar no legado, porém não possui contrato atual independente; seu conteúdo só pode apoiar resolução sem emitir uma entidade nova.",classes/Estoque.php:195,,low,false
tb_cbs.estoque_itens,451,pending,LEGACY_AUXILIARY_NO_CURRENT_CONTRACT,"A tabela é auxiliar no legado, porém não possui contrato atual independente; seu conteúdo só pode apoiar resolução sem emitir uma entidade nova.",classes/Estoque.php:157,,low,false
tb_cbs.ramais,194,pending,FUNCTIONAL_FIELD_NO_CURRENT_DESTINATION,"O destino tecnologia.extensions preserva usuário e número, porém não possui coluna fiel para o tipo funcional do ramal; o backup contém 14 Móvel, 90 Fixo e 90 Computador. Sem autorização explícita de descarte, nenhuma das 194 linhas pode ser emitida parcialmente.",classes/Ramais.php:14,infra/prisma/schema.prisma:1908|services/src/src/services/ti/TiAccessService.ts:117,high,false
tb_certificados.notificacoes.vencimento_certificados,149,pending,DERIVED_CURRENT_STATE,O serviço atual reconcilia notificações a partir dos certificados; carregar o snapshot derivado duplicaria estado e prazo não possui coluna equivalente.,classes/Certificado.php:282|classes/Certificado.php:300,services/certificate-service/src/services/certificateNotificationService.ts:96,low,false
tb_comercial.cobrancas_descricao,1088,pending,NO_CURRENT_CONTRACT,"O histórico de cobrança da tarefa não possui contrato atual que preserve pagamento, descrição, autoria e data.",classes/Tarefa.php:1068|financeiro/ajax/cobrancas.php:17,,low,false
tb_contabil.alteracoes_contabil,0,pending,NO_CURRENT_CONTRACT,A origem vazia não possui estrutura migrável nem contrato atual correspondente.,classes/Cliente.php:1156|contabil/main.php:16,,low,false
tb_contabil.bancos,42,pending,NO_LEGACY_RUNTIME_REFERENCE,Nenhuma referência de runtime foi localizada fora dos artefatos DDL do diretório backend; coincidência nominal não comprova uso seguro.,,,low,false
tb_contabil.clientes_bancos,6871,pending,CURRENT_CONTRACT_NOT_FAITHFUL,O recebimento mensal PDF/OFX/APL por cliente e banco não cabe integralmente no contrato contábil atual.,contabil/pages/clientes/pendencias-all.php:14|triagem/ajax/clientes/listarpagina.php:9,,low,false
tb_contabil.clientes_bancos_erros,122,pending,NO_CURRENT_CONTRACT,O snapshot anual de erros por cliente não possui entidade atual equivalente.,contabil/ajax/banco.php:13|triagem/ajax/banco.php:13,,low,false
tb_contabil.clientes_bancos_temp,157,pending,NO_LEGACY_RUNTIME_REFERENCE,Nenhuma referência de runtime foi localizada fora dos artefatos DDL do diretório backend; coincidência nominal não comprova uso seguro.,,,low,false
tb_contabil.documentos,6596,pending,CURRENT_CONTRACT_NOT_FAITHFUL,O checklist documental mensal e sua justificativa não possuem serviço atual que preserve todos os campos e a autoria de baixa.,classes/Cliente.php:1025|classes/Cliente.php:1027,infra/prisma/schema.prisma:2092,low,false
tb_contabil.documentos_bancos,432,pending,NO_LEGACY_RUNTIME_REFERENCE,Nenhuma referência de runtime foi localizada fora dos artefatos DDL do diretório backend; coincidência nominal não comprova uso seguro.,,,low,false
tb_contabil.documentos_padrao,54,pending,CURRENT_CONTRACT_NOT_FAITHFUL,O padrão documental por cliente não possui contrato atual que preserve todos os indicadores.,classes/Cliente.php:874|classes/Cliente.php:912,infra/prisma/schema.prisma:2092,low,false
tb_contabil.movimentacao,0,pending,NO_CURRENT_CONTRACT,A origem vazia é apenas consultada pelo fluxo de triagem e não possui estrutura migrável.,triagem/pages/clientes-fiscal/cliente-fiscal.php:10|triagem/pages/clientes/cliente-contabil.php:10,,low,false
tb_contabil.nuvens,262,pending,CURRENT_CONTRACT_NOT_FAITHFUL,O cadastro de nuvem contém link livre; não há serviço atual comprovado que preserve seu acesso e ciclo de vida sem expor conteúdo.,classes/Cloud.php:13|classes/Cloud.php:14,infra/prisma/schema.prisma:2116,low,false
tb_financeiro.contratos,615,pending,NO_STABLE_MERGE_IDENTITY,CPF/CNPJ não é unique em Client e possui duplicatas no dump; o documento não prova qual cliente deve receber os contratos e flags verticais.,classes/Cliente.php:1784|classes/Cliente.php:1792,infra/prisma/schema.prisma:536,low,false
tb_fiscal.aliquota_interestadual,27,pending,NO_CURRENT_CONTRACT,Não existe catálogo atual equivalente para alíquotas internas e interestaduais por origem agrícola/industrial.,classes/Fiscal.php:613|classes/Fiscal.php:625,,low,false
tb_fiscal.antecipacao,222,pending,NO_CURRENT_CONTRACT,"O cálculo de antecipação possui dezenas de entradas, provas e valores sem entidade atual equivalente integral.",classes/Fiscal.php:1023|classes/Fiscal.php:1026,,low,false
tb_fiscal.antecipacao_envolvidos,28,pending,NO_CURRENT_CONTRACT,"Responsável, conferente e data de conferência dependem do cálculo de antecipação ainda sem contrato atual.",classes/Pdf.php:26|classes/Planilha.php:764,,low,false
tb_fiscal.clientes_atacadistas,2,pending,NO_STABLE_MERGE_IDENTITY,"O vínculo explícito identifica o cliente, mas não existe campo atacadista compatível; Group e ClientsGroup também não possuem unique para uma consolidação segura.",classes/Cliente.php:1759|classes/Cliente.php:1762,infra/prisma/schema.prisma:684|infra/prisma/schema.prisma:695,low,false
tb_fiscal.clientes_sn,217,pending,CURRENT_CONTRACT_NOT_FAITHFUL,tipo é subtipo fiscal do Simples Nacional e não equivale ao regime geral do Client atual.,classes/Fiscal.php:1654|classes/Fiscal.php:2041,infra/prisma/schema.prisma:536,low,false
tb_fiscal.controle_impostos,640,pending,CURRENT_CONTRACT_NOT_FAITHFUL,O controle fiscal base e seus estados operacionais não possuem entidade atual integral nem pais confirmados para os detalhes.,classes/Fiscal.php:1640|classes/Fiscal.php:1665,,low,false
tb_fiscal.controle_impostos_anual,2,pending,CURRENT_CONTRACT_NOT_FAITHFUL,As obrigações anuais dependem do controle fiscal base não confirmado e não possuem contrato atual equivalente.,classes/Fiscal.php:1824|classes/Fiscal.php:1831,,low,false
tb_fiscal.controle_impostos_mei,53,pending,CURRENT_CONTRACT_NOT_FAITHFUL,Os checks MEI dependem do controle fiscal base não confirmado e não possuem contrato atual equivalente.,classes/Fiscal.php:1712|classes/Fiscal.php:1920,,low,false
tb_fiscal.controle_impostos_normal,219,pending,CURRENT_CONTRACT_NOT_FAITHFUL,Os checks do regime normal dependem do controle fiscal base não confirmado e não possuem contrato atual equivalente.,classes/Fiscal.php:1764|classes/Fiscal.php:2005,,low,false
tb_fiscal.controle_impostos_npossui,24,pending,CURRENT_CONTRACT_NOT_FAITHFUL,A lista de campos não aplicáveis depende do controle fiscal base e não possui contrato atual equivalente.,classes/Fiscal.php:1704|classes/Fiscal.php:1756,,low,false
tb_fiscal.controle_impostos_sn,504,pending,CURRENT_CONTRACT_NOT_FAITHFUL,Os checks do Simples dependem do controle fiscal base não confirmado e não possuem contrato atual equivalente.,classes/Fiscal.php:1768|classes/Fiscal.php:1945,,low,false
tb_fiscal.documentos,9485,pending,CURRENT_CONTRACT_NOT_FAITHFUL,"O checklist documental fiscal mensal não possui serviço atual que preserve os indicadores, justificativa e autoria de baixa.",classes/Cliente.php:1274|classes/Cliente.php:1407,infra/prisma/schema.prisma:2092,low,false
tb_fiscal.iss,7547,pending,NO_CURRENT_CONTRACT,O faturamento ISS mensal por cliente não possui entidade atual equivalente.,classes/Fiscal.php:2182|classes/Fiscal.php:2344,,low,false
tb_fiscal.malhas,4,pending,NO_CURRENT_CONTRACT,"A malha fiscal preserva prazos, resposta, arquivos, tarefa e responsável sem contrato atual equivalente.",classes/Fiscal.php:2502|classes/Fiscal.php:2505,,low,false
tb_fiscal.mva,522,pending,NO_CURRENT_CONTRACT,O catálogo MVA por CEST/NCM não possui entidade atual equivalente ao conjunto completo de percentuais.,classes/Fiscal.php:1059|classes/Fiscal.php:1079,,low,false
tb_fiscal.portes,6,pending,CURRENT_CONTRACT_NOT_FAITHFUL,O porte é uma substituição fiscal com registrador; atualizar apenas Client.size descartaria autoria e mudaria a precedência do dado.,classes/Pdf.php:13|classes/Planilha.php:751,infra/prisma/schema.prisma:536,low,false
tb_fiscal.sn_completo_sn,0,pending,NO_LEGACY_RUNTIME_REFERENCE,Nenhuma referência de runtime foi localizada fora dos artefatos DDL do diretório backend; coincidência nominal não comprova uso seguro.,backend/tb_fiscal.sn_completo_sn.sql:27,,low,false
tb_historico,125,pending,NO_LEGACY_RUNTIME_REFERENCE,Nenhuma referência de runtime foi localizada fora dos artefatos DDL do diretório backend; coincidência nominal não comprova uso seguro.,backend/tb_historico.sql:27,,low,false
tb_historico.admin,8784,pending,LEGACY_HISTORY_NO_REPLAY_CONTRACT,"O histórico legado não possui contrato atual de replay que preserve tipo, vínculo, autoria e snapshots antes/depois sem fabricar eventos.",classes/Historico.php:981,,low,false
tb_historico.admin_departamentos,60,pending,LEGACY_HISTORY_NO_REPLAY_CONTRACT,"O histórico legado não possui contrato atual de replay que preserve tipo, vínculo, autoria e snapshots antes/depois sem fabricar eventos.",classes/Historico.php:7,,low,false
tb_historico.admin_usuarios,947,pending,LEGACY_HISTORY_NO_REPLAY_CONTRACT,"O histórico legado não possui contrato atual de replay que preserve tipo, vínculo, autoria e snapshots antes/depois sem fabricar eventos.",certificado/pages/usuarios/editar-usuario.php:102,,low,false
tb_historico.atendimento,3806,pending,LEGACY_HISTORY_NO_REPLAY_CONTRACT,"O histórico legado não possui contrato atual de replay que preserve tipo, vínculo, autoria e snapshots antes/depois sem fabricar eventos.",atendimento/pages/viagens/editar.php:149,,low,false
tb_historico.cbs_estoque,2332,pending,LEGACY_HISTORY_NO_REPLAY_CONTRACT,"O histórico legado não possui contrato atual de replay que preserve tipo, vínculo, autoria e snapshots antes/depois sem fabricar eventos.",atendimento/pages/estoque/estoque.php:338,,low,false
tb_historico.certificado,7941,pending,LEGACY_HISTORY_NO_REPLAY_CONTRACT,"O histórico legado não possui contrato atual de replay que preserve tipo, vínculo, autoria e snapshots antes/depois sem fabricar eventos.",certificado/pages/certificados-pf/pf.php:140,,low,false
tb_historico.comercial,18,pending,LEGACY_HISTORY_NO_REPLAY_CONTRACT,"O histórico legado não possui contrato atual de replay que preserve tipo, vínculo, autoria e snapshots antes/depois sem fabricar eventos.",classes/Historico.php:879,,low,false
tb_historico.contabil,51903,pending,LEGACY_HISTORY_NO_REPLAY_CONTRACT,"O histórico legado não possui contrato atual de replay que preserve tipo, vínculo, autoria e snapshots antes/depois sem fabricar eventos.",classes/Historico.php:851,,low,false
tb_historico.financeiro,274,pending,LEGACY_HISTORY_NO_REPLAY_CONTRACT,"O histórico legado não possui contrato atual de replay que preserve tipo, vínculo, autoria e snapshots antes/depois sem fabricar eventos.",classes/Historico.php:1022,,low,false
tb_historico.fiscal,25615,pending,LEGACY_HISTORY_NO_REPLAY_CONTRACT,"O histórico legado não possui contrato atual de replay que preserve tipo, vínculo, autoria e snapshots antes/depois sem fabricar eventos.",classes/Historico.php:1014,,low,false
tb_historico.integracao,3138,pending,LEGACY_HISTORY_NO_REPLAY_CONTRACT,"O histórico legado não possui contrato atual de replay que preserve tipo, vínculo, autoria e snapshots antes/depois sem fabricar eventos.",classes/Historico.php:870,,low,false
tb_historico.integracao_agenda,4138,pending,LEGACY_HISTORY_NO_REPLAY_CONTRACT,"O histórico legado não possui contrato atual de replay que preserve tipo, vínculo, autoria e snapshots antes/depois sem fabricar eventos.",classes/Cliente.php:314,,low,false
tb_historico.integracao_clientes,10933,pending,LEGACY_HISTORY_NO_REPLAY_CONTRACT,"O histórico legado não possui contrato atual de replay que preserve tipo, vínculo, autoria e snapshots antes/depois sem fabricar eventos.",classes/Historico.php:48,,low,false
tb_historico.integracao_clientes_dominio,52,pending,LEGACY_HISTORY_NO_REPLAY_CONTRACT,"O histórico legado não possui contrato atual de replay que preserve tipo, vínculo, autoria e snapshots antes/depois sem fabricar eventos.",classes/Historico.php:54,,low,false
tb_historico.integracao_exclusoes,13129,pending,LEGACY_HISTORY_NO_REPLAY_CONTRACT,"O histórico legado não possui contrato atual de replay que preserve tipo, vínculo, autoria e snapshots antes/depois sem fabricar eventos.",classes/Historico.php:475,,low,false
tb_historico.integracao_grupos,214,pending,LEGACY_HISTORY_NO_REPLAY_CONTRACT,"O histórico legado não possui contrato atual de replay que preserve tipo, vínculo, autoria e snapshots antes/depois sem fabricar eventos.",classes/Historico.php:21,,low,false
tb_historico.integracao_objetivos,839,pending,LEGACY_HISTORY_NO_REPLAY_CONTRACT,"O histórico legado não possui contrato atual de replay que preserve tipo, vínculo, autoria e snapshots antes/depois sem fabricar eventos.",classes/Historico.php:29,,low,false
tb_historico.integracao_pas,6754,pending,LEGACY_HISTORY_NO_REPLAY_CONTRACT,"O histórico legado não possui contrato atual de replay que preserve tipo, vínculo, autoria e snapshots antes/depois sem fabricar eventos.",classes/Cliente.php:366,,low,false
tb_historico.integracao_pas_historicos,3797,pending,LEGACY_HISTORY_NO_REPLAY_CONTRACT,"O histórico legado não possui contrato atual de replay que preserve tipo, vínculo, autoria e snapshots antes/depois sem fabricar eventos.",classes/Cliente.php:390,,low,false
tb_historico.integracao_planos,15,pending,LEGACY_HISTORY_NO_REPLAY_CONTRACT,"O histórico legado não possui contrato atual de replay que preserve tipo, vínculo, autoria e snapshots antes/depois sem fabricar eventos.",classes/Historico.php:14,,low,false
tb_historico.integracao_prospeccao_comercial,15114,pending,LEGACY_HISTORY_NO_REPLAY_CONTRACT,"O histórico legado não possui contrato atual de replay que preserve tipo, vínculo, autoria e snapshots antes/depois sem fabricar eventos.",classes/Cliente.php:406,,low,false
tb_historico.integracao_tarefas,173242,pending,LEGACY_HISTORY_NO_REPLAY_CONTRACT,"O histórico legado não possui contrato atual de replay que preserve tipo, vínculo, autoria e snapshots antes/depois sem fabricar eventos.",classes/Cliente.php:329,,low,false
tb_historico.integracao_tarefas_distrato,3264,pending,LEGACY_HISTORY_NO_REPLAY_CONTRACT,"O histórico legado não possui contrato atual de replay que preserve tipo, vínculo, autoria e snapshots antes/depois sem fabricar eventos.",classes/Cliente.php:356,,low,false
tb_historico.integracao_tarefas_express,897,pending,LEGACY_HISTORY_NO_REPLAY_CONTRACT,"O histórico legado não possui contrato atual de replay que preserve tipo, vínculo, autoria e snapshots antes/depois sem fabricar eventos.",classes/Historico.php:309,,low,false
tb_historico.integracao_tarefas_express_distrato,47,pending,LEGACY_HISTORY_NO_REPLAY_CONTRACT,"O histórico legado não possui contrato atual de replay que preserve tipo, vínculo, autoria e snapshots antes/depois sem fabricar eventos.",classes/Historico.php:483,,low,false
tb_historico.keep,1,pending,LEGACY_HISTORY_NO_REPLAY_CONTRACT,"O histórico legado não possui contrato atual de replay que preserve tipo, vínculo, autoria e snapshots antes/depois sem fabricar eventos.",classes/Historico.php:903,,low,false
tb_historico.marketing,367,pending,LEGACY_HISTORY_NO_REPLAY_CONTRACT,"O histórico legado não possui contrato atual de replay que preserve tipo, vínculo, autoria e snapshots antes/depois sem fabricar eventos.",classes/Historico.php:932,,low,false
tb_historico.parcelamento,48548,pending,LEGACY_HISTORY_NO_REPLAY_CONTRACT,"O histórico legado não possui contrato atual de replay que preserve tipo, vínculo, autoria e snapshots antes/depois sem fabricar eventos.",classes/Historico.php:944,,low,false
tb_historico.permissoes,13,pending,LEGACY_HISTORY_NO_REPLAY_CONTRACT,"O histórico legado não possui contrato atual de replay que preserve tipo, vínculo, autoria e snapshots antes/depois sem fabricar eventos.",classes/Historico.php:990,,low,false
tb_historico.pessoal,26288,pending,LEGACY_HISTORY_NO_REPLAY_CONTRACT,"O histórico legado não possui contrato atual de replay que preserve tipo, vínculo, autoria e snapshots antes/depois sem fabricar eventos.",classes/Historico.php:958,,low,false
tb_historico.regularize,50095,pending,LEGACY_HISTORY_NO_REPLAY_CONTRACT,"O histórico legado não possui contrato atual de replay que preserve tipo, vínculo, autoria e snapshots antes/depois sem fabricar eventos.",classes/Historico.php:758,,low,false
tb_historico.rh,26800,pending,LEGACY_HISTORY_NO_REPLAY_CONTRACT,"O histórico legado não possui contrato atual de replay que preserve tipo, vínculo, autoria e snapshots antes/depois sem fabricar eventos.",classes/Historico.php:802,,low,false
tb_historico.tecnologia,14042,pending,LEGACY_HISTORY_NO_REPLAY_CONTRACT,"O histórico legado não possui contrato atual de replay que preserve tipo, vínculo, autoria e snapshots antes/depois sem fabricar eventos.",classes/Historico.php:823,,low,false
tb_historico.triagem,147185,pending,LEGACY_HISTORY_NO_REPLAY_CONTRACT,"O histórico legado não possui contrato atual de replay que preserve tipo, vínculo, autoria e snapshots antes/depois sem fabricar eventos.",classes/Historico.php:835,,low,false
tb_historico.wiki,1,pending,LEGACY_HISTORY_NO_REPLAY_CONTRACT,"O histórico legado não possui contrato atual de replay que preserve tipo, vínculo, autoria e snapshots antes/depois sem fabricar eventos.",classes/Historico.php:971,,low,false
tb_historico.workspace,9,pending,LEGACY_HISTORY_NO_REPLAY_CONTRACT,"O histórico legado não possui contrato atual de replay que preserve tipo, vínculo, autoria e snapshots antes/depois sem fabricar eventos.",classes/Historico.php:1036,,low,false
tb_integracao.admin_tarefas,1,pending,NO_LEGACY_RUNTIME_REFERENCE,Nenhuma referência de runtime foi localizada fora dos artefatos DDL do diretório backend; coincidência nominal não comprova uso seguro.,backend/tb_integracao.admin_tarefas.sql:27,,low,false
tb_integracao.admin_urgencias,3,pending,CURRENT_CONTRACT_NOT_FAITHFUL,O comportamento legado não possui destino atual integral e comprovado; a origem permanece pending sem sugerir destino parcial.,classes/Usuario.php:947,,low,false
tb_integracao.agenda,1960,pending,CURRENT_CONTRACT_NOT_FAITHFUL,O comportamento legado não possui destino atual integral e comprovado; a origem permanece pending sem sugerir destino parcial.,classes/Agenda.php:10,,low,false
tb_integracao.agenda_horas,5,pending,CURRENT_CONTRACT_NOT_FAITHFUL,O comportamento legado não possui destino atual integral e comprovado; a origem permanece pending sem sugerir destino parcial.,classes/Horas.php:14,,low,false
tb_integracao.agenda_locais,11,pending,CURRENT_CONTRACT_NOT_FAITHFUL,O comportamento legado não possui destino atual integral e comprovado; a origem permanece pending sem sugerir destino parcial.,integracao/pages/agenda/agenda.php:18,,low,false
tb_integracao.agenda_status,7,pending,CURRENT_CONTRACT_NOT_FAITHFUL,O comportamento legado não possui destino atual integral e comprovado; a origem permanece pending sem sugerir destino parcial.,integracao/pages/agenda/agenda.php:13,,low,false
tb_integracao.bloqueio,18,pending,CURRENT_CONTRACT_NOT_FAITHFUL,O comportamento legado não possui destino atual integral e comprovado; a origem permanece pending sem sugerir destino parcial.,classes/Usuario.php:917,,low,false
tb_integracao.cobradores_solucoes,3,pending,CURRENT_CONTRACT_NOT_FAITHFUL,O comportamento legado não possui destino atual integral e comprovado; a origem permanece pending sem sugerir destino parcial.,classes/Tarefa.php:1072,,low,false
tb_integracao.cobrancas_novas,0,pending,CURRENT_CONTRACT_NOT_FAITHFUL,O comportamento legado não possui destino atual integral e comprovado; a origem permanece pending sem sugerir destino parcial.,classes/Cliente.php:336,,low,false
tb_integracao.cobrancas_solucoes,0,pending,NO_LEGACY_RUNTIME_REFERENCE,Nenhuma referência de runtime foi localizada fora dos artefatos DDL do diretório backend; coincidência nominal não comprova uso seguro.,backend/tb_integracao.cobrancas_solucoes.sql:27,,low,false
tb_integracao.cronograma,121,pending,CURRENT_CONTRACT_NOT_FAITHFUL,O comportamento legado não possui destino atual integral e comprovado; a origem permanece pending sem sugerir destino parcial.,classes/Agenda.php:123,,low,false
tb_integracao.envios,1275,pending,CURRENT_CONTRACT_NOT_FAITHFUL,O comportamento legado não possui destino atual integral e comprovado; a origem permanece pending sem sugerir destino parcial.,classes/Cliente.php:453,,low,false
tb_integracao.fluxos,0,pending,CURRENT_CONTRACT_NOT_FAITHFUL,O comportamento legado não possui destino atual integral e comprovado; a origem permanece pending sem sugerir destino parcial.,classes/Tarefa.php:1481,,low,false
tb_integracao.fluxos_clientes,0,pending,CURRENT_CONTRACT_NOT_FAITHFUL,O comportamento legado não possui destino atual integral e comprovado; a origem permanece pending sem sugerir destino parcial.,classes/Tarefa.php:146,,low,false
tb_integracao.metricas,982,pending,CURRENT_CONTRACT_NOT_FAITHFUL,O comportamento legado não possui destino atual integral e comprovado; a origem permanece pending sem sugerir destino parcial.,classes/Metrica.php:110,,low,false
tb_integracao.objetivos,834,pending,CURRENT_CONTRACT_NOT_FAITHFUL,O comportamento legado não possui destino atual integral e comprovado; a origem permanece pending sem sugerir destino parcial.,classes/Historico.php:28,,low,false
tb_integracao.pa_historicos_pendentes,13,pending,CURRENT_CONTRACT_NOT_FAITHFUL,O comportamento legado não possui destino atual integral e comprovado; a origem permanece pending sem sugerir destino parcial.,classes/Cliente.php:375,,low,false
tb_integracao.padrinhos,0,pending,CURRENT_CONTRACT_NOT_FAITHFUL,O comportamento legado não possui destino atual integral e comprovado; a origem permanece pending sem sugerir destino parcial.,classes/Usuario.php:804,,low,false
tb_integracao.portes,3,pending,CURRENT_CONTRACT_NOT_FAITHFUL,O comportamento legado não possui destino atual integral e comprovado; a origem permanece pending sem sugerir destino parcial.,classes/Cliente.php:1499,,low,false
tb_integracao.prospeccao_metricas,1759,pending,CURRENT_CONTRACT_NOT_FAITHFUL,O comportamento legado não possui destino atual integral e comprovado; a origem permanece pending sem sugerir destino parcial.,integracao/pages/relatorios/padrao.php:1391,,low,false
tb_integracao.prospeccao_metricas_periodo,3,pending,CURRENT_CONTRACT_NOT_FAITHFUL,O comportamento legado não possui destino atual integral e comprovado; a origem permanece pending sem sugerir destino parcial.,integracao/pages/relatorios/padrao.php:1438,,low,false
tb_integracao.prospeccao_paralisacoes,15,pending,CURRENT_CONTRACT_NOT_FAITHFUL,O comportamento legado não possui destino atual integral e comprovado; a origem permanece pending sem sugerir destino parcial.,comercial/pages/prospeccoes/editar.php:102,,low,false
tb_integracao.prospeccoes_reset,0,pending,CURRENT_CONTRACT_NOT_FAITHFUL,O comportamento legado não possui destino atual integral e comprovado; a origem permanece pending sem sugerir destino parcial.,classes/Prospeccao.php:260,,low,false
tb_integracao.responsaveis_projeto,0,pending,CURRENT_CONTRACT_NOT_FAITHFUL,O comportamento legado não possui destino atual integral e comprovado; a origem permanece pending sem sugerir destino parcial.,classes/Cliente.php:509,,low,false
tb_integracao.segmentos,148,pending,CURRENT_CONTRACT_NOT_FAITHFUL,O comportamento legado não possui destino atual integral e comprovado; a origem permanece pending sem sugerir destino parcial.,classes/Segmento.php:10,,low,false
tb_integracao.tarefas_concluir,32,pending,CURRENT_CONTRACT_NOT_FAITHFUL,O comportamento legado não possui destino atual integral e comprovado; a origem permanece pending sem sugerir destino parcial.,classes/Tarefa.php:64,,low,false
tb_integracao.tarefas_contratadas,1531,pending,CURRENT_CONTRACT_NOT_FAITHFUL,O comportamento legado não possui destino atual integral e comprovado; a origem permanece pending sem sugerir destino parcial.,comercial/pages/cobrancas/cobrancas.php:18,,low,false
tb_integracao.tarefas_distrato,1759,pending,CURRENT_CONTRACT_NOT_FAITHFUL,"Não é possível vincular cada lote de tarefas a um Project fiel: o CRUD copia o catálogo por evento, porém a tabela final omite a identidade do evento e a competência usada na geração.",classes/Cliente.php:347,,low,false
tb_integracao.tarefas_distrato_imagens,441,pending,CURRENT_CONTRACT_NOT_FAITHFUL,O comportamento legado não possui destino atual integral e comprovado; a origem permanece pending sem sugerir destino parcial.,classes/Tarefa.php:975,,low,false
tb_integracao.tarefas_docs,509,pending,CURRENT_CONTRACT_NOT_FAITHFUL,O comportamento legado não possui destino atual integral e comprovado; a origem permanece pending sem sugerir destino parcial.,integracao/pages/tarefas/editar-tarefa.php:133,,low,false
tb_integracao.tarefas_imagens,5604,pending,CURRENT_CONTRACT_NOT_FAITHFUL,O comportamento legado não possui destino atual integral e comprovado; a origem permanece pending sem sugerir destino parcial.,classes/Tarefa.php:964,,low,false
tb_integracao.tarefas_indicadores,11,pending,CURRENT_CONTRACT_NOT_FAITHFUL,O comportamento legado não possui destino atual integral e comprovado; a origem permanece pending sem sugerir destino parcial.,classes/Tarefa.php:1335,,low,false
tb_integracao.tarefas_justificativa,3017,pending,CURRENT_CONTRACT_NOT_FAITHFUL,O comportamento legado não possui destino atual integral e comprovado; a origem permanece pending sem sugerir destino parcial.,classes/Tarefa.php:405,,low,false
tb_integracao.tarefas_ordem,240,pending,CURRENT_CONTRACT_NOT_FAITHFUL,O comportamento legado não possui destino atual integral e comprovado; a origem permanece pending sem sugerir destino parcial.,classes/Tarefa.php:10,,low,false
tb_integracao.tarefas_parceiros,57,pending,CURRENT_CONTRACT_NOT_FAITHFUL,O comportamento legado não possui destino atual integral e comprovado; a origem permanece pending sem sugerir destino parcial.,classes/Tarefa.php:1381,,low,false
tb_integracao.tarefas_total,1,pending,CURRENT_CONTRACT_NOT_FAITHFUL,O comportamento legado não possui destino atual integral e comprovado; a origem permanece pending sem sugerir destino parcial.,classes/Historico.php:286,,low,false
tb_mkt.controle_ia,79,pending,NO_CURRENT_CONTRACT,"Nenhum contrato atual fiel preserva integralmente os campos, relações e cardinalidade comprovados no CRUD legado.",classes/Usuario.php:1015,,low,false
tb_mkt.eventos,2,pending,NO_CURRENT_CONTRACT,"Nenhum contrato atual fiel preserva integralmente os campos, relações e cardinalidade comprovados no CRUD legado.",classes/Marketing.php:13,,low,false
tb_mkt.eventos_edicoes,1,pending,NO_CURRENT_CONTRACT,"Nenhum contrato atual fiel preserva integralmente os campos, relações e cardinalidade comprovados no CRUD legado.",classes/Marketing.php:107,,low,false
tb_mkt.eventos_feedbacks,0,pending,NO_CURRENT_CONTRACT,"Nenhum contrato atual fiel preserva integralmente os campos, relações e cardinalidade comprovados no CRUD legado.",classes/Marketing.php:302,,low,false
tb_mkt.eventos_feedbacks_periodos,0,pending,NO_CURRENT_CONTRACT,"Nenhum contrato atual fiel preserva integralmente os campos, relações e cardinalidade comprovados no CRUD legado.",classes/Marketing.php:267,,low,false
tb_mkt.solicitacoes,0,pending,NO_CURRENT_CONTRACT,"Nenhum contrato atual fiel preserva integralmente os campos, relações e cardinalidade comprovados no CRUD legado.",classes/Sininho.php:137,,low,false
tb_parcelamento.simulacoes,14,pending,NO_CURRENT_CONTRACT,O schema atual de Parcelamento não possui entidade de simulação nem contrato que preserve suas versões.,classes/Parcelamento.php:173|classes/Parcelamento.php:174,,low,false
tb_parcelamento.simulacoes_parcelamentos,39,pending,NO_CURRENT_CONTRACT,"O schema atual não possui itens de simulação e Installment representa acordos efetivos, não alternativas calculadas.",classes/Parcelamento.php:187|classes/Parcelamento.php:196,,low,false
tb_pessoal.atividades,337,pending,NO_CURRENT_CONTRACT,"A configuração de atividades combina pagamento, décimo, grupo e responsáveis sem entidade equivalente integral no contrato atual.",pessoal/pages/clientes/listar.php:19|pessoal/pages/configuracoes/responsaveis.php:67,,low,false
tb_pessoal.grupos,7,pending,NO_CURRENT_CONTRACT,Não existe catálogo atual de grupos de Departamento Pessoal; o texto de grupo em Payroll não preserva esta entidade e seus vínculos.,classes/Pessoal.php:383|classes/Pessoal.php:395,,low,false
tb_regularize.agenda,2770,pending,CURRENT_CONTRACT_NOT_FAITHFUL,"O backup contém ocorrências recorrentes já materializadas e datas deslocadas por calendário, sem identidade de série; não é possível reconstruir fielmente um único template recorrente atual.",classes/Agenda.php:231,,low,false
tb_regularize.agenda_controle,26,pending,CURRENT_CONTRACT_NOT_FAITHFUL,O comportamento legado não possui destino atual integral e comprovado; a origem permanece pending sem sugerir destino parcial.,classes/Agenda.php:268,,low,false
tb_regularize.agenda_status,3,pending,CURRENT_CONTRACT_NOT_FAITHFUL,O comportamento legado não possui destino atual integral e comprovado; a origem permanece pending sem sugerir destino parcial.,contabil/pages/agenda/agenda.php:14,,low,false
tb_regularize.alvaras_vencimentos,6,pending,CURRENT_CONTRACT_NOT_FAITHFUL,O comportamento legado não possui destino atual integral e comprovado; a origem permanece pending sem sugerir destino parcial.,classes/Cliente.php:1832,,low,false
tb_regularize.atividades,1455,pending,CURRENT_CONTRACT_NOT_FAITHFUL,O comportamento legado não possui destino atual integral e comprovado; a origem permanece pending sem sugerir destino parcial.,classes/Processo.php:284,,low,false
tb_regularize.clientes_competencia,24,pending,CURRENT_CONTRACT_NOT_FAITHFUL,O comportamento legado não possui destino atual integral e comprovado; a origem permanece pending sem sugerir destino parcial.,classes/Cliente.php:837,,low,false
tb_regularize.clientes_dominio_logos,100,pending,CURRENT_CONTRACT_NOT_FAITHFUL,O comportamento legado não possui destino atual integral e comprovado; a origem permanece pending sem sugerir destino parcial.,classes/Cliente.php:813,,low,false
tb_regularize.clientes_licitacoes,152,pending,CURRENT_CONTRACT_NOT_FAITHFUL,O comportamento legado não possui destino atual integral e comprovado; a origem permanece pending sem sugerir destino parcial.,classes/Cliente.php:574,,low,false
tb_regularize.controle_inativar,13,pending,CURRENT_CONTRACT_NOT_FAITHFUL,O comportamento legado não possui destino atual integral e comprovado; a origem permanece pending sem sugerir destino parcial.,classes/Cliente.php:759,,low,false
tb_regularize.coringa,1160,pending,CURRENT_CONTRACT_NOT_FAITHFUL,O comportamento legado não possui destino atual integral e comprovado; a origem permanece pending sem sugerir destino parcial.,classes/Cliente.php:10,,low,false
tb_regularize.coringa_status,6,pending,CURRENT_CONTRACT_NOT_FAITHFUL,O comportamento legado não possui destino atual integral e comprovado; a origem permanece pending sem sugerir destino parcial.,classes/Pdf.php:701,,low,false
tb_regularize.distrato_checklist,0,pending,CURRENT_CONTRACT_NOT_FAITHFUL,O comportamento legado não possui destino atual integral e comprovado; a origem permanece pending sem sugerir destino parcial.,classes/Tarefa.php:1562,,low,false
tb_regularize.dte,2125,pending,CURRENT_CONTRACT_NOT_FAITHFUL,O comportamento legado não possui destino atual integral e comprovado; a origem permanece pending sem sugerir destino parcial.,classes/Fiscal.php:1532,,low,false
tb_regularize.dte_status,98,pending,CURRENT_CONTRACT_NOT_FAITHFUL,O comportamento legado não possui destino atual integral e comprovado; a origem permanece pending sem sugerir destino parcial.,classes/Fiscal.php:1554,,low,false
tb_regularize.orientaoes_checklist,352,pending,CURRENT_CONTRACT_NOT_FAITHFUL,O comportamento legado não possui destino atual integral e comprovado; a origem permanece pending sem sugerir destino parcial.,classes/Processo.php:345,,low,false
tb_regularize.orientaoes_filiais,4,pending,CURRENT_CONTRACT_NOT_FAITHFUL,O comportamento legado não possui destino atual integral e comprovado; a origem permanece pending sem sugerir destino parcial.,classes/Processo.php:230,,low,false
tb_regularize.permissoes_senhas,130,pending,CURRENT_CONTRACT_NOT_FAITHFUL,O comportamento legado não possui destino atual integral e comprovado; a origem permanece pending sem sugerir destino parcial.,classes/Usuario.php:738,,low,false
tb_regularize.processos_dias,1021,pending,CURRENT_CONTRACT_NOT_FAITHFUL,O comportamento legado não possui destino atual integral e comprovado; a origem permanece pending sem sugerir destino parcial.,classes/Processo.php:121,,low,false
tb_regularize.regimes,10,pending,CURRENT_CONTRACT_NOT_FAITHFUL,O comportamento legado não possui destino atual integral e comprovado; a origem permanece pending sem sugerir destino parcial.,classes/Cliente.php:1214,,low,false
tb_regularize.sites_estado,10,pending,CURRENT_CONTRACT_NOT_FAITHFUL,O comportamento legado não possui destino atual integral e comprovado; a origem permanece pending sem sugerir destino parcial.,classes/Sites.php:43,,low,false
tb_regularize.sites_prefeituras,42,pending,CURRENT_CONTRACT_NOT_FAITHFUL,O comportamento legado não possui destino atual integral e comprovado; a origem permanece pending sem sugerir destino parcial.,classes/Sites.php:13,,low,false
tb_rh.andares,53,pending,NO_CURRENT_CONTRACT,O contrato atual não possui alocação histórica de colaborador por andar.,classes/RH.php:161|classes/RH.php:172,,low,false
tb_rh.cargos,22,pending,NO_INDEPENDENT_DESTINATION,"O catálogo é dependência de lookup da regra V2 de colaboradores, mas não possui entidade independente no contrato atual.",classes/RH.php:856|rh/pages/colaboradores/colaborador.php:485|rh/pages/colaboradores/colaborador.php:611,infra/prisma/schema.prisma:269,low,false
tb_rh.cce,417,pending,NO_CURRENT_CONTRACT,O contrato atual não possui acompanhamento CCE semanal equivalente.,classes/RH.php:4|classes/RH.php:53,,low,false
tb_rh.cce_avaliacoes,635,pending,NO_CURRENT_CONTRACT,O contrato atual não possui avaliações CCE equivalentes.,classes/RH.php:69|classes/RH.php:122,,low,false
tb_rh.colaboradores_atas,19,pending,NO_CURRENT_CONTRACT,O contrato atual não possui atas individuais de colaborador equivalentes.,classes/Colaborador.php:145|classes/Colaborador.php:162,,low,false
tb_rh.feedbacks,13,pending,NO_CURRENT_CONTRACT,O contrato atual não possui histórico de feedback textual equivalente.,rh/pages/relatorios/padrao.php:111|rh/pages/relatorios/padrao.php:148,,low,false
tb_rh.ferias_datas,0,pending,NO_CURRENT_CONTRACT,O contrato atual não possui datas e anexos de férias equivalentes.,rh/pages/relatorios/relatorio-ferias-col.php:35,,low,false
tb_rh.ferias_periodos,23,pending,NO_CURRENT_CONTRACT,O contrato atual não possui períodos aquisitivos de férias equivalentes.,rh/pages/relatorios/relatorio-ferias-col.php:5,,low,false
tb_rh.intercorrencias,6,pending,NO_CURRENT_CONTRACT,O contrato atual não possui intercorrências de RH equivalentes.,rh/pages/dashboard/home.php:395,,low,false
tb_rh.intercorrencias_tipos,8,pending,NO_CURRENT_CONTRACT,O contrato atual não possui catálogo de tipos de intercorrência.,classes/Intercorrencia.php:4|classes/Intercorrencia.php:16,,low,false
tb_rh.provas,1,pending,NO_CURRENT_CONTRACT,O contrato atual não possui provas de RH equivalentes.,classes/Score.php:693|classes/Score.php:737,,low,false
tb_rh.provas_inscritos,0,pending,NO_CURRENT_CONTRACT,O contrato atual não possui inscrições e notas de provas equivalentes.,classes/Score.php:794|classes/Score.php:860,,low,false
tb_rh.provas_questoes,0,pending,NO_CURRENT_CONTRACT,O contrato atual não possui questões de provas equivalentes.,classes/Score.php:745|classes/Score.php:780,,low,false
tb_rh.provas_respostas,0,pending,NO_CURRENT_CONTRACT,"O contrato atual não possui respostas, notas e feedback de provas equivalentes.",classes/Score.php:820|classes/Score.php:900,,low,false
tb_rh.pv,2,pending,NO_CURRENT_CONTRACT,O contrato atual não possui plano de vida e carreira equivalente.,classes/RH.php:183|classes/RH.php:200,,low,false
tb_rh.pv_objetivos,2,pending,NO_CURRENT_CONTRACT,O contrato atual não possui objetivos do plano de vida equivalentes.,classes/RH.php:222|classes/RH.php:239,,low,false
tb_rh.pv_tarefas,0,pending,NO_CURRENT_CONTRACT,O contrato atual não possui tarefas do plano de vida equivalentes.,classes/RH.php:264|classes/RH.php:282,,low,false
tb_rh.pv_tarefas_express,0,pending,NO_CURRENT_CONTRACT,O contrato atual não possui catálogo de tarefas expressas do plano de vida.,classes/RH.php:308|classes/RH.php:325,,low,false
tb_rh.score_nitro.avaliacoes,239,pending,NO_CURRENT_CONTRACT,"O contrato atual preserva apenas totais Nitro, não avaliações individuais.",classes/Score.php:375|classes/Score.php:380,,low,false
tb_rh.score_nitro.avaliacoes_periodos,26,pending,NO_CURRENT_CONTRACT,O contrato atual não possui períodos individuais de avaliação Nitro.,classes/Score.php:354|classes/Score.php:368,,low,false
tb_rh.score_nitro.ch,34,pending,NO_CURRENT_CONTRACT,"O contrato atual preserva o total de horas, mas não certificados e validações individuais.",classes/Score.php:398|classes/Score.php:407,,low,false
tb_rh.score_nitro.erros,1,pending,NO_CURRENT_CONTRACT,"O contrato atual preserva o total de erros, mas não o detalhe textual individual.",classes/Score.php:419|classes/Score.php:428,,low,false
tb_tecnologia.atualizacoes,977,pending,CURRENT_CONTRACT_NOT_FAITHFUL,O contrato de chamados TI não preserva os três responsáveis nem os dois módulos; escolher um responsável ou fabricar requester alteraria o comportamento legado.,classes/Tarefa.php:1606|classes/Tarefa.php:1614,infra/prisma/schema.prisma:1991,low,false
tb_tecnologia.atualizacoes_previsao,13,pending,CURRENT_CONTRACT_NOT_FAITHFUL,"A mensagem atual exige sender, mas a previsão legada não registra autor; reutilizar requester como sender seria uma identidade fabricada.",classes/Tarefa.php:1657|classes/Tarefa.php:1671,infra/prisma/schema.prisma:2028,low,false
tb_tecnologia.inventario_fotos,15,pending,NO_CURRENT_CONTRACT,InventoryTecnologia não possui relação ou storage de fotos; copiar nome de arquivo para notes não preserva o conteúdo nem sua identidade.,classes/Usuario.php:578,infra/prisma/schema.prisma:1945,low,false
tb_tecnologia.reset,145,pending,NO_CURRENT_CONTRACT,"Não existe contrato atual de permissão temporária de reset compatível; nenhum valor de reset pode ser emitido, relatado ou colocado em quarentena.",classes/Usuario.php:589|classes/Usuario.php:598,,low,false
tb_tecnologia.robos,7,pending,CURRENT_CONTRACT_NOT_FAITHFUL,O contrato atual exige type sem equivalente legado e não preserva departamento/responsável; inferir type pelo nome seria heurística não comprovada.,classes/Robo.php:5|classes/Robo.php:13,infra/prisma/schema.prisma:2044,low,false
tb_tecnologia.robos_controles,236,pending,UNRESOLVED_PARENT_CONTRACT,"Sem regra fiel para o robô pai, robot_runs não pode resolver robot_id; converter controles planejados em execuções também mudaria a semântica.",classes/Robo.php:42|classes/Robo.php:99,infra/prisma/schema.prisma:2062,low,false
tb_triagem.justificativas,15,pending,LEGACY_AUXILIARY_NO_CURRENT_CONTRACT,"A tabela é auxiliar no legado, porém não possui contrato atual independente; seu conteúdo só pode apoiar resolução sem emitir uma entidade nova.",classes/Cliente.php:1867,,low,false
tb_triagem.prioridade,617,pending,NO_CURRENT_CONTRACT,"Nenhum contrato atual fiel preserva integralmente os campos, relações e cardinalidade comprovados no CRUD legado.",classes/Cliente.php:954,,low,false
tb_triagem.qtdnotas,0,pending,NO_CURRENT_CONTRACT,"Nenhum contrato atual fiel preserva integralmente os campos, relações e cardinalidade comprovados no CRUD legado.",classes/Solicitacao.php:48,,low,false
tb_triagem.solicitacoes,0,pending,NO_CURRENT_CONTRACT,"Nenhum contrato atual fiel preserva integralmente os campos, relações e cardinalidade comprovados no CRUD legado.",classes/Solicitacao.php:40,,low,false
tb_wiki.agenda,0,pending,NO_CURRENT_CONTRACT,"Nenhum contrato atual fiel preserva integralmente os campos, relações e cardinalidade comprovados no CRUD legado.",classes/Wiki.php:242,,low,false
tb_wiki.destaques,0,pending,NO_CURRENT_CONTRACT,"Nenhum contrato atual fiel preserva integralmente os campos, relações e cardinalidade comprovados no CRUD legado.",classes/Wiki.php:106,,low,false
tb_wiki.wikis,0,pending,NO_CURRENT_CONTRACT,"Nenhum contrato atual fiel preserva integralmente os campos, relações e cardinalidade comprovados no CRUD legado.",classes/Wiki.php:51,,low,false
tb_wiki.wikis_categorias,0,pending,NO_CURRENT_CONTRACT,"Nenhum contrato atual fiel preserva integralmente os campos, relações e cardinalidade comprovados no CRUD legado.",classes/Wiki.php:15,,low,false
tb_wiki.wikis_topicos,0,pending,NO_CURRENT_CONTRACT,"Nenhum contrato atual fiel preserva integralmente os campos, relações e cardinalidade comprovados no CRUD legado.",classes/Wiki.php:197,,low,false
tb_workspace.alteracao_regimes,0,pending,NO_CURRENT_CONTRACT,"Nenhum contrato atual fiel preserva integralmente os campos, relações e cardinalidade comprovados no CRUD legado.",classes/Regime.php:139,,low,false
tb_workspace.alteracao_regimes_tarefas,0,pending,NO_CURRENT_CONTRACT,"Nenhum contrato atual fiel preserva integralmente os campos, relações e cardinalidade comprovados no CRUD legado.",classes/Painel.php:1192,,low,false
tb_workspace.alteracao_regimes_tarefas_express,0,pending,NO_CURRENT_CONTRACT,"Nenhum contrato atual fiel preserva integralmente os campos, relações e cardinalidade comprovados no CRUD legado.",classes/Regime.php:100,,low,false
tb_workspace.alteracao_regimes_tipos,1,pending,LEGACY_AUXILIARY_NO_CURRENT_CONTRACT,"A tabela é auxiliar no legado, porém não possui contrato atual independente; seu conteúdo só pode apoiar resolução sem emitir uma entidade nova.",classes/Regime.php:190,,low,false
tb_workspace.mapas,4,pending,NO_CURRENT_CONTRACT,"Nenhum contrato atual fiel preserva integralmente os campos, relações e cardinalidade comprovados no CRUD legado.",classes/Workspace.php:12,,low,false
tb_workspace.mapas_clientes,5,pending,NO_CURRENT_CONTRACT,"Nenhum contrato atual fiel preserva integralmente os campos, relações e cardinalidade comprovados no CRUD legado.",classes/Workspace.php:21,,low,false
tb_workspace.natal,0,pending,NO_CURRENT_CONTRACT,"Nenhum contrato atual fiel preserva integralmente os campos, relações e cardinalidade comprovados no CRUD legado.",classes/Workspace.php:38,,low,false
