"legacy_table","reason"
"tb_admin.logs","sem tabela destino confirmada no mapeamento v2"
"tb_admin.permissoes","sem tabela destino confirmada no mapeamento v2"
"tb_admin.permissoes_atendimento","sem tabela destino confirmada no mapeamento v2"
"tb_admin.permissoes_certificado","sem tabela destino confirmada no mapeamento v2"
"tb_admin.permissoes_comercial","sem tabela destino confirmada no mapeamento v2"
"tb_admin.permissoes_contabil","sem tabela destino confirmada no mapeamento v2"
"tb_admin.permissoes_financeiro","sem tabela destino confirmada no mapeamento v2"
"tb_admin.permissoes_fiscal","sem tabela destino confirmada no mapeamento v2"
"tb_admin.permissoes_integracao","sem tabela destino confirmada no mapeamento v2"
"tb_admin.permissoes_marketing","sem tabela destino confirmada no mapeamento v2"
"tb_admin.permissoes_parcelamento","sem tabela destino confirmada no mapeamento v2"
"tb_admin.permissoes_pec","sem tabela destino confirmada no mapeamento v2"
"tb_admin.permissoes_pessoal","sem tabela destino confirmada no mapeamento v2"
"tb_admin.permissoes_regularize","sem tabela destino confirmada no mapeamento v2"
"tb_admin.permissoes_rh","sem tabela destino confirmada no mapeamento v2"
"tb_admin.permissoes_triagem","sem tabela destino confirmada no mapeamento v2"
"tb_admin.permissoes_wiki","sem tabela destino confirmada no mapeamento v2"
"tb_admin.ps","sem tabela destino confirmada no mapeamento v2"
"tb_admin.responsaveis","sem tabela destino confirmada no mapeamento v2"
"tb_admin.responsaveis_contatos","sem tabela destino confirmada no mapeamento v2"
"tb_admin.responsaveis_ps","sem tabela destino confirmada no mapeamento v2"
"tb_admin.updates","sem tabela destino confirmada no mapeamento v2"
"tb_atendimento.atendimentos_opa","sem tabela destino confirmada no mapeamento v2"
"tb_atendimento.contatos","sem tabela destino confirmada no mapeamento v2"
"tb_atendimento.motoboy","sem tabela destino confirmada no mapeamento v2"
"tb_atendimento.psc","sem tabela destino confirmada no mapeamento v2"
"tb_atendimento.satisfacao","sem tabela destino confirmada no mapeamento v2"
"tb_atendimento.uber","sem tabela destino confirmada no mapeamento v2"
"tb_atendimento.uber_clientes","sem tabela destino confirmada no mapeamento v2"
"tb_atendimento.visitas_clientes","sem tabela destino confirmada no mapeamento v2"
"tb_cbc.atas","sem tabela destino confirmada no mapeamento v2"
"tb_cbc.configs","sem tabela destino confirmada no mapeamento v2"
"tb_cbc.emails","sem tabela destino confirmada no mapeamento v2"
"tb_cbc.keep_clientes","sem tabela destino confirmada no mapeamento v2"
"tb_cbc.keep_tags","sem tabela destino confirmada no mapeamento v2"
"tb_cbc.notificacoes_popup","sem tabela destino confirmada no mapeamento v2"
"tb_cbc.orcamentos","sem tabela destino confirmada no mapeamento v2"
"tb_cbc.orcamentos_categorias","sem tabela destino confirmada no mapeamento v2"
"tb_cbc.panorama_clientes_parcelamento","sem tabela destino confirmada no mapeamento v2"
"tb_cbc.panorama_parcelamentos","sem tabela destino confirmada no mapeamento v2"
"tb_cbc.preferencias","sem tabela destino confirmada no mapeamento v2"
"tb_cbc.sininhos","sem tabela destino confirmada no mapeamento v2"
"tb_cbs.estoque","sem tabela destino confirmada no mapeamento v2"
"tb_cbs.estoque_andares","sem tabela destino confirmada no mapeamento v2"
"tb_cbs.estoque_categorias","sem tabela destino confirmada no mapeamento v2"
"tb_cbs.estoque_categorias_itens","sem tabela destino confirmada no mapeamento v2"
"tb_cbs.estoque_entradas","sem tabela destino confirmada no mapeamento v2"
"tb_cbs.estoque_inventario","sem tabela destino confirmada no mapeamento v2"
"tb_cbs.estoque_itens","sem tabela destino confirmada no mapeamento v2"
"tb_cbs.estoque_localizacoes","sem tabela destino confirmada no mapeamento v2"
"tb_cbs.estoque_saidas","sem tabela destino confirmada no mapeamento v2"
"tb_cbs.ramais","sem tabela destino confirmada no mapeamento v2"
"tb_certificados.notificacoes.vencimento_certificados","sem tabela destino confirmada no mapeamento v2"
"tb_certificados.pf","sem tabela destino confirmada no mapeamento v2"
"tb_certificados.pj","sem tabela destino confirmada no mapeamento v2"
"tb_comercial.cobrancas_descricao","sem tabela destino confirmada no mapeamento v2"
"tb_contabil.alteracoes_contabil","sem tabela destino confirmada no mapeamento v2"
"tb_contabil.bancos","sem tabela destino confirmada no mapeamento v2"
"tb_contabil.clientes_bancos","sem tabela destino confirmada no mapeamento v2"
"tb_contabil.clientes_bancos_erros","sem tabela destino confirmada no mapeamento v2"
"tb_contabil.clientes_bancos_temp","sem tabela destino confirmada no mapeamento v2"
"tb_contabil.clientes_mov","sem tabela destino confirmada no mapeamento v2"
"tb_contabil.clientes_observacao","sem tabela destino confirmada no mapeamento v2"
"tb_contabil.controle","sem tabela destino confirmada no mapeamento v2"
"tb_contabil.documentos","sem tabela destino confirmada no mapeamento v2"
"tb_contabil.documentos_bancos","sem tabela destino confirmada no mapeamento v2"
"tb_contabil.documentos_padrao","sem tabela destino confirmada no mapeamento v2"
"tb_contabil.movimentacao","sem tabela destino confirmada no mapeamento v2"
"tb_contabil.nuvens","sem tabela destino confirmada no mapeamento v2"
"tb_contabil.relacoes","sem tabela destino confirmada no mapeamento v2"
"tb_financeiro.contratos","sem tabela destino confirmada no mapeamento v2"
"tb_fiscal.aliquota_interestadual","sem tabela destino confirmada no mapeamento v2"
"tb_fiscal.antecipacao","sem tabela destino confirmada no mapeamento v2"
"tb_fiscal.antecipacao_envolvidos","sem tabela destino confirmada no mapeamento v2"
"tb_fiscal.clientes_atacadistas","sem tabela destino confirmada no mapeamento v2"
"tb_fiscal.clientes_sn","sem tabela destino confirmada no mapeamento v2"
"tb_fiscal.controle_impostos","sem tabela destino confirmada no mapeamento v2"
"tb_fiscal.controle_impostos_anual","sem tabela destino confirmada no mapeamento v2"
"tb_fiscal.controle_impostos_mei","sem tabela destino confirmada no mapeamento v2"
"tb_fiscal.controle_impostos_normal","sem tabela destino confirmada no mapeamento v2"
"tb_fiscal.controle_impostos_npossui","sem tabela destino confirmada no mapeamento v2"
"tb_fiscal.controle_impostos_sn","sem tabela destino confirmada no mapeamento v2"
"tb_fiscal.documentos","sem tabela destino confirmada no mapeamento v2"
"tb_fiscal.icms","sem tabela destino confirmada no mapeamento v2"
"tb_fiscal.ipi","sem tabela destino confirmada no mapeamento v2"
"tb_fiscal.iss","sem tabela destino confirmada no mapeamento v2"
"tb_fiscal.malhas","sem tabela destino confirmada no mapeamento v2"
"tb_fiscal.mva","sem tabela destino confirmada no mapeamento v2"
"tb_fiscal.portes","sem tabela destino confirmada no mapeamento v2"
"tb_fiscal.sn_completo_sn","sem tabela destino confirmada no mapeamento v2"
"tb_fiscal.tributacao_pis_cofins","sem tabela destino confirmada no mapeamento v2"
"tb_historico","sem tabela destino confirmada no mapeamento v2"
"tb_historico.admin","sem tabela destino confirmada no mapeamento v2"
"tb_historico.admin_departamentos","sem tabela destino confirmada no mapeamento v2"
"tb_historico.admin_usuarios","sem tabela destino confirmada no mapeamento v2"
"tb_historico.atendimento","sem tabela destino confirmada no mapeamento v2"
"tb_historico.cbs_estoque","sem tabela destino confirmada no mapeamento v2"
"tb_historico.certificado","sem tabela destino confirmada no mapeamento v2"
"tb_historico.comercial","sem tabela destino confirmada no mapeamento v2"
"tb_historico.contabil","sem tabela destino confirmada no mapeamento v2"
"tb_historico.financeiro","sem tabela destino confirmada no mapeamento v2"
"tb_historico.fiscal","sem tabela destino confirmada no mapeamento v2"
"tb_historico.integracao","sem tabela destino confirmada no mapeamento v2"
"tb_historico.integracao_agenda","sem tabela destino confirmada no mapeamento v2"
"tb_historico.integracao_clientes","sem tabela destino confirmada no mapeamento v2"
"tb_historico.integracao_clientes_dominio","sem tabela destino confirmada no mapeamento v2"
"tb_historico.integracao_exclusoes","sem tabela destino confirmada no mapeamento v2"
"tb_historico.integracao_grupos","sem tabela destino confirmada no mapeamento v2"
"tb_historico.integracao_objetivos","sem tabela destino confirmada no mapeamento v2"
"tb_historico.integracao_pas","sem tabela destino confirmada no mapeamento v2"
"tb_historico.integracao_pas_historicos","sem tabela destino confirmada no mapeamento v2"
"tb_historico.integracao_planos","sem tabela destino confirmada no mapeamento v2"
"tb_historico.integracao_prospeccao_comercial","sem tabela destino confirmada no mapeamento v2"
"tb_historico.integracao_tarefas","sem tabela destino confirmada no mapeamento v2"
"tb_historico.integracao_tarefas_distrato","sem tabela destino confirmada no mapeamento v2"
"tb_historico.integracao_tarefas_express","sem tabela destino confirmada no mapeamento v2"
"tb_historico.integracao_tarefas_express_distrato","sem tabela destino confirmada no mapeamento v2"
"tb_historico.keep","sem tabela destino confirmada no mapeamento v2"
"tb_historico.marketing","sem tabela destino confirmada no mapeamento v2"
"tb_historico.parcelamento","sem tabela destino confirmada no mapeamento v2"
"tb_historico.permissoes","sem tabela destino confirmada no mapeamento v2"
"tb_historico.pessoal","sem tabela destino confirmada no mapeamento v2"
"tb_historico.regularize","sem tabela destino confirmada no mapeamento v2"
"tb_historico.rh","sem tabela destino confirmada no mapeamento v2"
"tb_historico.tecnologia","sem tabela destino confirmada no mapeamento v2"
"tb_historico.triagem","sem tabela destino confirmada no mapeamento v2"
"tb_historico.wiki","sem tabela destino confirmada no mapeamento v2"
"tb_historico.workspace","sem tabela destino confirmada no mapeamento v2"
"tb_integracao.admin_tarefas","sem tabela destino confirmada no mapeamento v2"
"tb_integracao.admin_urgencias","sem tabela destino confirmada no mapeamento v2"
"tb_integracao.agenda","sem tabela destino confirmada no mapeamento v2"
"tb_integracao.agenda_horas","sem tabela destino confirmada no mapeamento v2"
"tb_integracao.agenda_locais","sem tabela destino confirmada no mapeamento v2"
"tb_integracao.agenda_status","sem tabela destino confirmada no mapeamento v2"
"tb_integracao.bloqueio","sem tabela destino confirmada no mapeamento v2"
"tb_integracao.cobradores_solucoes","sem tabela destino confirmada no mapeamento v2"
"tb_integracao.cobrancas_novas","sem tabela destino confirmada no mapeamento v2"
"tb_integracao.cobrancas_solucoes","sem tabela destino confirmada no mapeamento v2"
"tb_integracao.cronograma","sem tabela destino confirmada no mapeamento v2"
"tb_integracao.envios","sem tabela destino confirmada no mapeamento v2"
"tb_integracao.fluxos","sem tabela destino confirmada no mapeamento v2"
"tb_integracao.fluxos_clientes","sem tabela destino confirmada no mapeamento v2"
"tb_integracao.grupos","sem tabela destino confirmada no mapeamento v2"
"tb_integracao.metricas","sem tabela destino confirmada no mapeamento v2"
"tb_integracao.objetivos","sem tabela destino confirmada no mapeamento v2"
"tb_integracao.pa","sem tabela destino confirmada no mapeamento v2"
"tb_integracao.pa_historicos","sem tabela destino confirmada no mapeamento v2"
"tb_integracao.pa_historicos_pendentes","sem tabela destino confirmada no mapeamento v2"
"tb_integracao.padrinhos","sem tabela destino confirmada no mapeamento v2"
"tb_integracao.portes","sem tabela destino confirmada no mapeamento v2"
"tb_integracao.prospeccao_metricas","sem tabela destino confirmada no mapeamento v2"
"tb_integracao.prospeccao_metricas_periodo","sem tabela destino confirmada no mapeamento v2"
"tb_integracao.prospeccao_paralisacoes","sem tabela destino confirmada no mapeamento v2"
"tb_integracao.prospeccoes_reset","sem tabela destino confirmada no mapeamento v2"
"tb_integracao.responsaveis_projeto","sem tabela destino confirmada no mapeamento v2"
"tb_integracao.segmentos","sem tabela destino confirmada no mapeamento v2"
"tb_integracao.tarefas_concluir","sem tabela destino confirmada no mapeamento v2"
"tb_integracao.tarefas_contratadas","sem tabela destino confirmada no mapeamento v2"
"tb_integracao.tarefas_dependentes","sem tabela destino confirmada no mapeamento v2"
"tb_integracao.tarefas_distrato","sem tabela destino confirmada no mapeamento v2"
"tb_integracao.tarefas_distrato_imagens","sem tabela destino confirmada no mapeamento v2"
"tb_integracao.tarefas_docs","sem tabela destino confirmada no mapeamento v2"
"tb_integracao.tarefas_express_distrato","sem tabela destino confirmada no mapeamento v2"
"tb_integracao.tarefas_imagens","sem tabela destino confirmada no mapeamento v2"
"tb_integracao.tarefas_indicadores","sem tabela destino confirmada no mapeamento v2"
"tb_integracao.tarefas_justificativa","sem tabela destino confirmada no mapeamento v2"
"tb_integracao.tarefas_ordem","sem tabela destino confirmada no mapeamento v2"
"tb_integracao.tarefas_parceiros","sem tabela destino confirmada no mapeamento v2"
"tb_integracao.tarefas_regularize","sem tabela destino confirmada no mapeamento v2"
"tb_integracao.tarefas_total","sem tabela destino confirmada no mapeamento v2"
"tb_mkt.controle_ia","sem tabela destino confirmada no mapeamento v2"
"tb_mkt.eventos","sem tabela destino confirmada no mapeamento v2"
"tb_mkt.eventos_edicoes","sem tabela destino confirmada no mapeamento v2"
"tb_mkt.eventos_feedbacks","sem tabela destino confirmada no mapeamento v2"
"tb_mkt.eventos_feedbacks_periodos","sem tabela destino confirmada no mapeamento v2"
"tb_mkt.redes_sociais","sem tabela destino confirmada no mapeamento v2"
"tb_mkt.senhas","sem tabela destino confirmada no mapeamento v2"
"tb_mkt.solicitacoes","sem tabela destino confirmada no mapeamento v2"
"tb_parcelamento.clientes","sem tabela destino confirmada no mapeamento v2"
"tb_parcelamento.competencia","sem tabela destino confirmada no mapeamento v2"
"tb_parcelamento.parcelamentos","sem tabela destino confirmada no mapeamento v2"
"tb_parcelamento.simulacoes","sem tabela destino confirmada no mapeamento v2"
"tb_parcelamento.simulacoes_parcelamentos","sem tabela destino confirmada no mapeamento v2"
"tb_pec.notas","sem tabela destino confirmada no mapeamento v2"
"tb_pessoal.atividades","sem tabela destino confirmada no mapeamento v2"
"tb_pessoal.bem","sem tabela destino confirmada no mapeamento v2"
"tb_pessoal.bsf","sem tabela destino confirmada no mapeamento v2"
"tb_pessoal.clientes_situacoes","sem tabela destino confirmada no mapeamento v2"
"tb_pessoal.codigos_acesso","sem tabela destino confirmada no mapeamento v2"
"tb_pessoal.contri_assis","sem tabela destino confirmada no mapeamento v2"
"tb_pessoal.empregador_web","sem tabela destino confirmada no mapeamento v2"
"tb_pessoal.folhas","sem tabela destino confirmada no mapeamento v2"
"tb_pessoal.grupos","sem tabela destino confirmada no mapeamento v2"
"tb_pessoal.ldd","sem tabela destino confirmada no mapeamento v2"
"tb_pessoal.obrigacoes","sem tabela destino confirmada no mapeamento v2"
"tb_pessoal.sindicato","sem tabela destino confirmada no mapeamento v2"
"tb_regularize.agenda","sem tabela destino confirmada no mapeamento v2"
"tb_regularize.agenda_controle","sem tabela destino confirmada no mapeamento v2"
"tb_regularize.agenda_status","sem tabela destino confirmada no mapeamento v2"
"tb_regularize.alvaras_vencimentos","sem tabela destino confirmada no mapeamento v2"
"tb_regularize.atividades","sem tabela destino confirmada no mapeamento v2"
"tb_regularize.clientes_competencia","sem tabela destino confirmada no mapeamento v2"
"tb_regularize.clientes_dominio_logos","sem tabela destino confirmada no mapeamento v2"
"tb_regularize.clientes_licitacoes","sem tabela destino confirmada no mapeamento v2"
"tb_regularize.controle_inativar","sem tabela destino confirmada no mapeamento v2"
"tb_regularize.coringa","sem tabela destino confirmada no mapeamento v2"
"tb_regularize.coringa_status","sem tabela destino confirmada no mapeamento v2"
"tb_regularize.distrato_checklist","sem tabela destino confirmada no mapeamento v2"
"tb_regularize.dte","sem tabela destino confirmada no mapeamento v2"
"tb_regularize.dte_status","sem tabela destino confirmada no mapeamento v2"
"tb_regularize.grupos","sem tabela destino confirmada no mapeamento v2"
"tb_regularize.grupos_integrantes","sem tabela destino confirmada no mapeamento v2"
"tb_regularize.orientaoes_checklist","sem tabela destino confirmada no mapeamento v2"
"tb_regularize.orientaoes_filiais","sem tabela destino confirmada no mapeamento v2"
"tb_regularize.orientaoes_processual.atividades","sem tabela destino confirmada no mapeamento v2"
"tb_regularize.permissoes_senhas","sem tabela destino confirmada no mapeamento v2"
"tb_regularize.pf","sem tabela destino confirmada no mapeamento v2"
"tb_regularize.pf_empresas","sem tabela destino confirmada no mapeamento v2"
"tb_regularize.processos_dias","sem tabela destino confirmada no mapeamento v2"
"tb_regularize.regimes","sem tabela destino confirmada no mapeamento v2"
"tb_regularize.sites_estado","sem tabela destino confirmada no mapeamento v2"
"tb_regularize.sites_prefeituras","sem tabela destino confirmada no mapeamento v2"
"tb_regularize.vencimento","sem tabela destino confirmada no mapeamento v2"
"tb_rh.alergias","sem tabela destino confirmada no mapeamento v2"
"tb_rh.andares","sem tabela destino confirmada no mapeamento v2"
"tb_rh.cargos","sem tabela destino confirmada no mapeamento v2"
"tb_rh.cce","sem tabela destino confirmada no mapeamento v2"
"tb_rh.cce_avaliacoes","sem tabela destino confirmada no mapeamento v2"
"tb_rh.colaboradores_atas","sem tabela destino confirmada no mapeamento v2"
"tb_rh.contatos_emergencia","sem tabela destino confirmada no mapeamento v2"
"tb_rh.feedbacks","sem tabela destino confirmada no mapeamento v2"
"tb_rh.feriados","sem tabela destino confirmada no mapeamento v2"
"tb_rh.ferias_datas","sem tabela destino confirmada no mapeamento v2"
"tb_rh.ferias_periodos","sem tabela destino confirmada no mapeamento v2"
"tb_rh.intercorrencias","sem tabela destino confirmada no mapeamento v2"
"tb_rh.intercorrencias_tipos","sem tabela destino confirmada no mapeamento v2"
"tb_rh.pontos","sem tabela destino confirmada no mapeamento v2"
"tb_rh.pontos_adicionais_folhas","sem tabela destino confirmada no mapeamento v2"
"tb_rh.pontos_folhas","sem tabela destino confirmada no mapeamento v2"
"tb_rh.pontos_registros","sem tabela destino confirmada no mapeamento v2"
"tb_rh.pontos_solicitacoes","sem tabela destino confirmada no mapeamento v2"
"tb_rh.provas","sem tabela destino confirmada no mapeamento v2"
"tb_rh.provas_inscritos","sem tabela destino confirmada no mapeamento v2"
"tb_rh.provas_questoes","sem tabela destino confirmada no mapeamento v2"
"tb_rh.provas_respostas","sem tabela destino confirmada no mapeamento v2"
"tb_rh.pv","sem tabela destino confirmada no mapeamento v2"
"tb_rh.pv_objetivos","sem tabela destino confirmada no mapeamento v2"
"tb_rh.pv_tarefas","sem tabela destino confirmada no mapeamento v2"
"tb_rh.pv_tarefas_express","sem tabela destino confirmada no mapeamento v2"
"tb_rh.score","sem tabela destino confirmada no mapeamento v2"
"tb_rh.score_avaliacoes","sem tabela destino confirmada no mapeamento v2"
"tb_rh.score_nitro","sem tabela destino confirmada no mapeamento v2"
"tb_rh.score_nitro.avaliacoes","sem tabela destino confirmada no mapeamento v2"
"tb_rh.score_nitro.avaliacoes_periodos","sem tabela destino confirmada no mapeamento v2"
"tb_rh.score_nitro.ch","sem tabela destino confirmada no mapeamento v2"
"tb_rh.score_nitro.erros","sem tabela destino confirmada no mapeamento v2"
"tb_rh.score_perguntas","sem tabela destino confirmada no mapeamento v2"
"tb_rh.solicitacoes","sem tabela destino confirmada no mapeamento v2"
"tb_rh.solicitacoes_categorias","sem tabela destino confirmada no mapeamento v2"
"tb_rh.solicitacoes_mensagens","sem tabela destino confirmada no mapeamento v2"
"tb_tecnologia.atualizacoes","sem tabela destino confirmada no mapeamento v2"
"tb_tecnologia.atualizacoes_previsao","sem tabela destino confirmada no mapeamento v2"
"tb_tecnologia.estoque","sem tabela destino confirmada no mapeamento v2"
"tb_tecnologia.estoque_entradas","sem tabela destino confirmada no mapeamento v2"
"tb_tecnologia.estoque_saidas","sem tabela destino confirmada no mapeamento v2"
"tb_tecnologia.inventario","sem tabela destino confirmada no mapeamento v2"
"tb_tecnologia.inventario_fotos","sem tabela destino confirmada no mapeamento v2"
"tb_tecnologia.inventario_itens","sem tabela destino confirmada no mapeamento v2"
"tb_tecnologia.inventario_loc","sem tabela destino confirmada no mapeamento v2"
"tb_tecnologia.opcoes","sem tabela destino confirmada no mapeamento v2"
"tb_tecnologia.reset","sem tabela destino confirmada no mapeamento v2"
"tb_tecnologia.robos","sem tabela destino confirmada no mapeamento v2"
"tb_tecnologia.robos_controles","sem tabela destino confirmada no mapeamento v2"
"tb_tecnologia.senhas","sem tabela destino confirmada no mapeamento v2"
"tb_tecnologia.termos","sem tabela destino confirmada no mapeamento v2"
"tb_triagem.campos","sem tabela destino confirmada no mapeamento v2"
"tb_triagem.justificativas","sem tabela destino confirmada no mapeamento v2"
"tb_triagem.prioridade","sem tabela destino confirmada no mapeamento v2"
"tb_triagem.qtdnotas","sem tabela destino confirmada no mapeamento v2"
"tb_triagem.solicitacoes","sem tabela destino confirmada no mapeamento v2"
"tb_wiki.agenda","sem tabela destino confirmada no mapeamento v2"
"tb_wiki.destaques","sem tabela destino confirmada no mapeamento v2"
"tb_wiki.wikis","sem tabela destino confirmada no mapeamento v2"
"tb_wiki.wikis_categorias","sem tabela destino confirmada no mapeamento v2"
"tb_wiki.wikis_topicos","sem tabela destino confirmada no mapeamento v2"
"tb_workspace.alteracao_regimes","sem tabela destino confirmada no mapeamento v2"
"tb_workspace.alteracao_regimes_tarefas","sem tabela destino confirmada no mapeamento v2"
"tb_workspace.alteracao_regimes_tarefas_express","sem tabela destino confirmada no mapeamento v2"
"tb_workspace.alteracao_regimes_tipos","sem tabela destino confirmada no mapeamento v2"
"tb_workspace.mapas","sem tabela destino confirmada no mapeamento v2"
"tb_workspace.mapas_clientes","sem tabela destino confirmada no mapeamento v2"
"tb_workspace.natal","sem tabela destino confirmada no mapeamento v2"
"tb_workspace.solicitacoes","sem tabela destino confirmada no mapeamento v2"
"tb_workspace.solicitacoes_categorias","sem tabela destino confirmada no mapeamento v2"
"tb_workspace.solicitacoes_mensagens","sem tabela destino confirmada no mapeamento v2"
"tb.atendimento_documentos","sem tabela destino confirmada no mapeamento v2"
