sourceTable,stepId,destinationTable,reasonCode,count
tb_admin.departamentos,department-insert,departments,RUNTIME_CLASSIFIER_PREFLIGHT_REQUIRED,48
tb_admin.logs,admin-log-insert,logs,RUNTIME_CLASSIFIER_PREFLIGHT_REQUIRED,470127
tb_admin.permissoes,permission-specific-task-completion-merge,permissions.specific,RUNTIME_CLASSIFIER_PREFLIGHT_REQUIRED,14
tb_admin.permissoes_certificado,permission-certificado-merge,permissions,RUNTIME_CLASSIFIER_PREFLIGHT_REQUIRED,67
tb_admin.permissoes_comercial,permission-comercial-merge,permissions,RUNTIME_CLASSIFIER_PREFLIGHT_REQUIRED,17
tb_admin.permissoes_contabil,permission-contabil-merge,permissions,RUNTIME_CLASSIFIER_PREFLIGHT_REQUIRED,38
tb_admin.permissoes_financeiro,permission-financeiro-merge,permissions,RUNTIME_CLASSIFIER_PREFLIGHT_REQUIRED,12
tb_admin.permissoes_fiscal,permission-fiscal-merge,permissions,RUNTIME_CLASSIFIER_PREFLIGHT_REQUIRED,42
tb_admin.permissoes_integracao,permission-integracao-merge,permissions,RUNTIME_CLASSIFIER_PREFLIGHT_REQUIRED,264
tb_admin.permissoes_marketing,permission-marketing-merge,permissions,RUNTIME_CLASSIFIER_PREFLIGHT_REQUIRED,93
tb_admin.permissoes_parcelamento,permission-parcelamento-merge,permissions,RUNTIME_CLASSIFIER_PREFLIGHT_REQUIRED,26
tb_admin.permissoes_pessoal,permission-pessoal-merge,permissions,RUNTIME_CLASSIFIER_PREFLIGHT_REQUIRED,33
tb_admin.permissoes_regularize,permission-regularize-merge,permissions,RUNTIME_CLASSIFIER_PREFLIGHT_REQUIRED,258
tb_admin.permissoes_rh,permission-rh-merge,permissions,RUNTIME_CLASSIFIER_PREFLIGHT_REQUIRED,243
tb_admin.permissoes_triagem,permission-triagem-merge,permissions,RUNTIME_CLASSIFIER_PREFLIGHT_REQUIRED,82
tb_admin.usuarios,user-insert,users,RUNTIME_CLASSIFIER_PREFLIGHT_REQUIRED,306
tb_cbc.emails,shared-email-recipient-insert,emails,RUNTIME_CLASSIFIER_PREFLIGHT_REQUIRED,22
tb_cbc.panorama_parcelamentos,parcelamento-panorama-insert,parcelamento.panorama,RUNTIME_CLASSIFIER_PREFLIGHT_REQUIRED,1240
tb_cbs.estoque,cbs-stock-insert,stock,RUNTIME_CLASSIFIER_PREFLIGHT_REQUIRED,433
tb_cbs.estoque_categorias,cbs-stock-category-insert,stock.categories,RUNTIME_CLASSIFIER_PREFLIGHT_REQUIRED,65
tb_cbs.estoque_entradas,cbs-stock-entry-insert,stock.entries,RUNTIME_CLASSIFIER_PREFLIGHT_REQUIRED,2215
tb_cbs.estoque_inventario,cbs-inventory-category-insert,tecnologia.inventoryCategories,RUNTIME_CLASSIFIER_PREFLIGHT_REQUIRED,26
tb_cbs.estoque_localizacoes,cbs-stock-location-insert,stock.locations,RUNTIME_CLASSIFIER_PREFLIGHT_REQUIRED,27
tb_cbs.estoque_saidas,cbs-stock-exit-insert,stock.exits,RUNTIME_CLASSIFIER_PREFLIGHT_REQUIRED,3000
tb_certificados.pf,certificate-pf-insert,certificate.pf,RUNTIME_CLASSIFIER_PREFLIGHT_REQUIRED,794
tb_certificados.pj,certificate-pj-insert,certificate.pj,RUNTIME_CLASSIFIER_PREFLIGHT_REQUIRED,780
tb_contabil.clientes_mov,contabil-client-movement-insert,contabil.responsibles,RUNTIME_CLASSIFIER_PREFLIGHT_REQUIRED,362
tb_contabil.clientes_observacao,contabil-client-history-insert,clients.history,RUNTIME_CLASSIFIER_PREFLIGHT_REQUIRED,13
tb_contabil.controle,contabil-control-insert,contabil.control,RUNTIME_CLASSIFIER_PREFLIGHT_REQUIRED,2763
tb_contabil.relacoes,contabil-relationship-insert,contabil.relationship,RUNTIME_CLASSIFIER_PREFLIGHT_REQUIRED,136
tb_fiscal.icms,fiscal-icms-insert,fiscal.icms,RUNTIME_CLASSIFIER_PREFLIGHT_REQUIRED,368
tb_fiscal.ipi,fiscal-ipi-insert,fiscal.ipi,RUNTIME_CLASSIFIER_PREFLIGHT_REQUIRED,11088
tb_fiscal.tributacao_pis_cofins,fiscal-ncm-insert,fiscal.ncm,RUNTIME_CLASSIFIER_PREFLIGHT_REQUIRED,31362
tb_integracao.clientes,integration-client-insert,clients,RUNTIME_CLASSIFIER_PREFLIGHT_REQUIRED,2339
tb_integracao.grupos,integration-group-insert,clients.group,RUNTIME_CLASSIFIER_PREFLIGHT_REQUIRED,191
tb_integracao.pa,integration-pa-merge,clients.pa,RUNTIME_CLASSIFIER_PREFLIGHT_REQUIRED,1256
tb_integracao.pa_historicos,integration-pa-history-insert,clients.history,RUNTIME_CLASSIFIER_PREFLIGHT_REQUIRED,3494
tb_integracao.planos,project-plan-insert,integracao.projectPlan,RUNTIME_CLASSIFIER_PREFLIGHT_REQUIRED,6
tb_integracao.prospeccao_comercial,prospecting-client-merge,clients,RUNTIME_CLASSIFIER_PREFLIGHT_REQUIRED,2341
tb_integracao.prospeccao_comercial,prospecting-project-insert,integracao.projects,RUNTIME_CLASSIFIER_PREFLIGHT_REQUIRED,2341
tb_integracao.tarefas,task-insert,integracao.tasks,RUNTIME_CLASSIFIER_PREFLIGHT_REQUIRED,25429
tb_integracao.tarefas,task-model-derived,integracao.tasksModel,RUNTIME_CLASSIFIER_PREFLIGHT_REQUIRED,25429
tb_integracao.tarefas,task-model-lookup,integracao.tasksModel,RUNTIME_CLASSIFIER_PREFLIGHT_REQUIRED,25429
tb_integracao.tarefas,task-project-derived,integracao.projects,RUNTIME_CLASSIFIER_PREFLIGHT_REQUIRED,25429
tb_integracao.tarefas,task-project-lookup,integracao.projects,RUNTIME_CLASSIFIER_PREFLIGHT_REQUIRED,25429
tb_integracao.tarefas_dependentes,task-dependent-insert,integracao.tasksDependent,RUNTIME_CLASSIFIER_PREFLIGHT_REQUIRED,26
tb_integracao.tarefas_express,task-model-insert,integracao.tasksModel,RUNTIME_CLASSIFIER_PREFLIGHT_REQUIRED,386
tb_integracao.tarefas_express_distrato,termination-task-model-insert,integracao.tasksModel,RUNTIME_CLASSIFIER_PREFLIGHT_REQUIRED,0
tb_integracao.tarefas_planos,project-plan-task-insert,integracao.projectPlanTasks,RUNTIME_CLASSIFIER_PREFLIGHT_REQUIRED,47
tb_integracao.tarefas_regularize,task-regularize-link-insert,integracao.tasksIntegrationRegularize,RUNTIME_CLASSIFIER_PREFLIGHT_REQUIRED,13
tb_mkt.redes_sociais,mkt-client-social-merge,clients,RUNTIME_CLASSIFIER_PREFLIGHT_REQUIRED,205
tb_mkt.senhas,mkt-password-insert,mtk.passwords,RUNTIME_CLASSIFIER_PREFLIGHT_REQUIRED,54
tb_parcelamento.clientes,parcelamento-client-lookup,clients,RUNTIME_CLASSIFIER_PREFLIGHT_REQUIRED,13
tb_parcelamento.competencia,parcelamento-installment-competency-insert,parcelamento.installmentsCompetencies,RUNTIME_CLASSIFIER_PREFLIGHT_REQUIRED,510
tb_parcelamento.parcelamentos,parcelamento-installment-insert,parcelamento.installments,RUNTIME_CLASSIFIER_PREFLIGHT_REQUIRED,276
tb_pec.notas,pec-note-insert,notes,RUNTIME_CLASSIFIER_PREFLIGHT_REQUIRED,41628
tb_pessoal.bem,tb_pessoal-bem-password-insert,pessoal.passwords,RUNTIME_CLASSIFIER_PREFLIGHT_REQUIRED,96
tb_pessoal.bsf,tb_pessoal-bsf-password-insert,pessoal.passwords,RUNTIME_CLASSIFIER_PREFLIGHT_REQUIRED,46
tb_pessoal.clientes_situacoes,pessoal-situation-insert,pessoal.situations,RUNTIME_CLASSIFIER_PREFLIGHT_REQUIRED,28
tb_pessoal.codigos_acesso,tb_pessoal-codigos_acesso-password-insert,pessoal.passwords,RUNTIME_CLASSIFIER_PREFLIGHT_REQUIRED,15
tb_pessoal.contri_assis,tb_pessoal-contri_assis-password-insert,pessoal.passwords,RUNTIME_CLASSIFIER_PREFLIGHT_REQUIRED,11
tb_pessoal.empregador_web,tb_pessoal-empregador_web-password-insert,pessoal.passwords,RUNTIME_CLASSIFIER_PREFLIGHT_REQUIRED,163
tb_pessoal.folhas,pessoal-payroll-insert,pessoal.payroll,RUNTIME_CLASSIFIER_PREFLIGHT_REQUIRED,185
tb_pessoal.ldd,pessoal-ldd-insert,pessoal.ldd,RUNTIME_CLASSIFIER_PREFLIGHT_REQUIRED,958
tb_pessoal.obrigacoes,pessoal-obligation-insert,pessoal.obrigations,RUNTIME_CLASSIFIER_PREFLIGHT_REQUIRED,1881
tb_pessoal.sindicato,pessoal-union-insert,pessoal.union,RUNTIME_CLASSIFIER_PREFLIGHT_REQUIRED,22
tb_regularize.alvaras,license-insert,regularize.license,RUNTIME_CLASSIFIER_PREFLIGHT_REQUIRED,340
tb_regularize.clientes,regularize-client-insert,clients,RUNTIME_CLASSIFIER_PREFLIGHT_REQUIRED,1319
tb_regularize.clientes,regularize-client-merge,clients,RUNTIME_CLASSIFIER_PREFLIGHT_REQUIRED,1319
tb_regularize.clientes_senhas,credential-site-bacen,regularize.passowordsSites,RUNTIME_CLASSIFIER_PREFLIGHT_REQUIRED,850
tb_regularize.clientes_senhas,credential-site-gov-br,regularize.passowordsSites,RUNTIME_CLASSIFIER_PREFLIGHT_REQUIRED,850
tb_regularize.clientes_senhas,credential-site-mei,regularize.passowordsSites,RUNTIME_CLASSIFIER_PREFLIGHT_REQUIRED,850
tb_regularize.clientes_senhas,credential-site-regularize,regularize.passowordsSites,RUNTIME_CLASSIFIER_PREFLIGHT_REQUIRED,850
tb_regularize.clientes_senhas,credential-site-sefaz,regularize.passowordsSites,RUNTIME_CLASSIFIER_PREFLIGHT_REQUIRED,850
tb_regularize.clientes_senhas,credential-site-seifsa,regularize.passowordsSites,RUNTIME_CLASSIFIER_PREFLIGHT_REQUIRED,850
tb_regularize.clientes_senhas,credential-site-simples,regularize.passowordsSites,RUNTIME_CLASSIFIER_PREFLIGHT_REQUIRED,850
tb_regularize.clientes_senhas,credential-site-webiss-cpf,regularize.passowordsSites,RUNTIME_CLASSIFIER_PREFLIGHT_REQUIRED,850
tb_regularize.clientes_senhas,credential-site-webiss-master,regularize.passowordsSites,RUNTIME_CLASSIFIER_PREFLIGHT_REQUIRED,850
tb_regularize.clientes_senhas,credential-slot-bacen,regularize.passwordsRegularize,RUNTIME_CLASSIFIER_PREFLIGHT_REQUIRED,850
tb_regularize.clientes_senhas,credential-slot-gov-br,regularize.passwordsRegularize,RUNTIME_CLASSIFIER_PREFLIGHT_REQUIRED,850
tb_regularize.clientes_senhas,credential-slot-mei,regularize.passwordsRegularize,RUNTIME_CLASSIFIER_PREFLIGHT_REQUIRED,850
tb_regularize.clientes_senhas,credential-slot-regularize,regularize.passwordsRegularize,RUNTIME_CLASSIFIER_PREFLIGHT_REQUIRED,850
tb_regularize.clientes_senhas,credential-slot-sefaz,regularize.passwordsRegularize,RUNTIME_CLASSIFIER_PREFLIGHT_REQUIRED,850
tb_regularize.clientes_senhas,credential-slot-seifsa,regularize.passwordsRegularize,RUNTIME_CLASSIFIER_PREFLIGHT_REQUIRED,850
tb_regularize.clientes_senhas,credential-slot-simples,regularize.passwordsRegularize,RUNTIME_CLASSIFIER_PREFLIGHT_REQUIRED,850
tb_regularize.clientes_senhas,credential-slot-webiss-cpf-1,regularize.passwordsRegularize,RUNTIME_CLASSIFIER_PREFLIGHT_REQUIRED,850
tb_regularize.clientes_senhas,credential-slot-webiss-cpf-2,regularize.passwordsRegularize,RUNTIME_CLASSIFIER_PREFLIGHT_REQUIRED,850
tb_regularize.clientes_senhas,credential-slot-webiss-master,regularize.passwordsRegularize,RUNTIME_CLASSIFIER_PREFLIGHT_REQUIRED,850
tb_regularize.grupos,regularize-group-insert,clients.group,RUNTIME_CLASSIFIER_PREFLIGHT_REQUIRED,111
tb_regularize.grupos_integrantes,regularize-group-member-insert,clients.clientsGroup,RUNTIME_CLASSIFIER_PREFLIGHT_REQUIRED,339
tb_regularize.orientaoes_processual,guidance-insert,regularize.proceduralGuidances,RUNTIME_CLASSIFIER_PREFLIGHT_REQUIRED,441
tb_regularize.orientaoes_processual,guidance-process-derived,regularize.process,RUNTIME_CLASSIFIER_PREFLIGHT_REQUIRED,441
tb_regularize.orientaoes_processual,guidance-process-lookup,regularize.process,RUNTIME_CLASSIFIER_PREFLIGHT_REQUIRED,441
tb_regularize.orientaoes_processual.atividades,guidance-activities-aggregate,regularize.proceduralGuidances,RUNTIME_CLASSIFIER_PREFLIGHT_REQUIRED,2546
tb_regularize.orientaoes_processual.socios,guidance-partners-aggregate,regularize.proceduralGuidances,RUNTIME_CLASSIFIER_PREFLIGHT_REQUIRED,538
tb_regularize.pf,regularize-client-pf-insert,clients.pf,RUNTIME_CLASSIFIER_PREFLIGHT_REQUIRED,1287
tb_regularize.pf_empresas,regularize-partner-insert,regularize.partners,RUNTIME_CLASSIFIER_PREFLIGHT_REQUIRED,1437
tb_regularize.processos,process-insert,regularize.process,RUNTIME_CLASSIFIER_PREFLIGHT_REQUIRED,1117
tb_regularize.taxas_municipais,municipal-tax-insert,regularize.municipalTaxes,RUNTIME_CLASSIFIER_PREFLIGHT_REQUIRED,8
tb_regularize.vencimento,client-pf-cnh-expiration-merge,clients.pf,RUNTIME_CLASSIFIER_PREFLIGHT_REQUIRED,181
tb_regularize.vencimento,client-pf-rg-expiration-merge,clients.pf,RUNTIME_CLASSIFIER_PREFLIGHT_REQUIRED,181
tb_rh.alergias,user-allergies-merge,users,RUNTIME_CLASSIFIER_PREFLIGHT_REQUIRED,24
tb_rh.colaboradores,collaborator-job-title-merge,users,RUNTIME_CLASSIFIER_PREFLIGHT_REQUIRED,295
tb_rh.colaboradores,collaborator-user-merge,users,RUNTIME_CLASSIFIER_PREFLIGHT_REQUIRED,295
tb_rh.contatos_emergencia,user-emergency-contacts-merge,users,RUNTIME_CLASSIFIER_PREFLIGHT_REQUIRED,185
tb_rh.feriados,rh-holiday-insert,rh.holidays,RUNTIME_CLASSIFIER_PREFLIGHT_REQUIRED,0
tb_rh.pontos,rh-point-config-insert,rh.pointConfig,RUNTIME_CLASSIFIER_PREFLIGHT_REQUIRED,38
tb_rh.pontos_adicionais_folhas,rh-time-bank-release-insert,rh.timeBankReleases,RUNTIME_CLASSIFIER_PREFLIGHT_REQUIRED,2
tb_rh.pontos_folhas,rh-time-sheet-insert,rh.timeSheets,RUNTIME_CLASSIFIER_PREFLIGHT_REQUIRED,80
tb_rh.pontos_registros,rh-point-insert,rh.points,RUNTIME_CLASSIFIER_PREFLIGHT_REQUIRED,2289
tb_rh.pontos_solicitacoes,rh-time-clock-request-insert,rh.timeClockRequest,RUNTIME_CLASSIFIER_PREFLIGHT_REQUIRED,138
tb_rh.score,rh-score-insert,rh.score,RUNTIME_CLASSIFIER_PREFLIGHT_REQUIRED,154
tb_rh.score_avaliacoes,rh-score-evaluation-insert,rh.score_evaluations,RUNTIME_CLASSIFIER_PREFLIGHT_REQUIRED,1158
tb_rh.score_nitro,rh-score-nitro-insert,rh.score_nitro,RUNTIME_CLASSIFIER_PREFLIGHT_REQUIRED,48
tb_rh.score_perguntas,rh-score-question-insert,rh.score_questions,RUNTIME_CLASSIFIER_PREFLIGHT_REQUIRED,26
tb_rh.solicitacoes,rh-request-insert,rh.requests,RUNTIME_CLASSIFIER_PREFLIGHT_REQUIRED,915
tb_rh.solicitacoes_categorias,rh-request-category-insert,rh.request_categories,RUNTIME_CLASSIFIER_PREFLIGHT_REQUIRED,7
tb_rh.solicitacoes_mensagens,rh-request-message-insert,rh.request_messages,RUNTIME_CLASSIFIER_PREFLIGHT_REQUIRED,1906
tb_tecnologia.estoque,technology-stock-category-derived,stock.categories,RUNTIME_CLASSIFIER_PREFLIGHT_REQUIRED,179
tb_tecnologia.estoque,technology-stock-item-insert,stock,RUNTIME_CLASSIFIER_PREFLIGHT_REQUIRED,179
tb_tecnologia.estoque,technology-stock-location-derived,stock.locations,RUNTIME_CLASSIFIER_PREFLIGHT_REQUIRED,179
tb_tecnologia.estoque_entradas,technology-stock-entry-insert,stock.entries,RUNTIME_CLASSIFIER_PREFLIGHT_REQUIRED,865
tb_tecnologia.estoque_saidas,technology-stock-exit-insert,stock.exits,RUNTIME_CLASSIFIER_PREFLIGHT_REQUIRED,850
tb_tecnologia.inventario,technology-inventory-assigned-insert,tecnologia.inventory,RUNTIME_CLASSIFIER_PREFLIGHT_REQUIRED,660
tb_tecnologia.inventario_itens,technology-inventory-location-item-insert,tecnologia.inventory,RUNTIME_CLASSIFIER_PREFLIGHT_REQUIRED,41
tb_tecnologia.inventario_loc,technology-inventory-location-insert,tecnologia.inventoryLocations,RUNTIME_CLASSIFIER_PREFLIGHT_REQUIRED,21
tb_tecnologia.opcoes,technology-inventory-category-insert,tecnologia.inventoryCategories,RUNTIME_CLASSIFIER_PREFLIGHT_REQUIRED,31
tb_tecnologia.senhas,technology-password-insert,tecnologia.passwords_users,RUNTIME_CLASSIFIER_PREFLIGHT_REQUIRED,179
tb_tecnologia.termos,technology-term-insert,tecnologia.terms,RUNTIME_CLASSIFIER_PREFLIGHT_REQUIRED,200
tb_triagem.campos,triage-fiscal-config-insert,triagem.configs,RUNTIME_CLASSIFIER_PREFLIGHT_REQUIRED,553
tb_workspace.solicitacoes,workspace-ti-request-insert,tecnologia.requests,RUNTIME_CLASSIFIER_PREFLIGHT_REQUIRED,5
tb_workspace.solicitacoes_categorias,workspace-ti-category-insert,tecnologia.request_categories,RUNTIME_CLASSIFIER_PREFLIGHT_REQUIRED,1
tb_workspace.solicitacoes_mensagens,workspace-ti-message-insert,tecnologia.request_messages,RUNTIME_CLASSIFIER_PREFLIGHT_REQUIRED,2
